WeaponType,Set,REQ Level,REQ INT,REQ Job,Attack Speed,INT,LUK,Weapon Attack,Magic Attack,Boss Damage,Ignored Enemy Defense,Number of Upgrades
Scepters,Fafnir,150,450,Beast Tamer,Normal (6),40,40,119,201,30,10,8
Scepters,Genesis,200,600,Beast Tamer,Normal (6),150,150,237,400,30,20,None
Heavy Swords,Genesis,200,,Zero Beta,Slow (8),,,342,,30,20,0
Long Swords,Genesis,200,,Zero Alpha,Normal (6),,,337,,30,20,0
Hand Cannons,AbsoLab,160,,Pirate,Slow (8),,,210,,30,10,8
Scepters,Utgard,140,415,Beast Tamer,Normal (6),,,93,153,,,8
Knuckles,AbsoLab,160,,Pirate,Fast (5),,,154,,30,10,8
Katanas,AbsoLab,160,,Hayato,Fast (5),,,197,,30,10,8
Ritual Fans,Fafnir,150,,Hoyoung,Fast (4),,40,160,,30,10,8
Scepters,Arcane,200,600,Beast Tamer,Normal (6),100,100,206,347,30,20,8
Ritual Fans,Genesis,200,,Hoyoung,Fast (4),,150,318,,30,20,None
Ritual Fans,Utgard,140,,Hoyoung,Fast (4),,,115,,,,8
Shining Rods,Genesis,200,600,Luminous,Normal (6),150,150,237,400,30,20,None
Shining Rods,Fafnir,150,450,Luminous,Normal (6),40,40,119,201,30,10,8
Shining Rods,Utgard,140,415,Luminous,Normal (6),,,93,153,,,8
Fans,Utgard,140,415,Kanna,Fast (4),,,93,115,,,8
Fans,Genesis,200,600,Kanna,Normal (6),150,150,237,400,30,20,None
Fans,Fafnir,150,450,Kanna,Slow (8),40,40,126,204,30,10,8
Ritual Fans,Arcane,200,,Hoyoung,Fast (4),,100,276,,30,20,8
Fans,Arcane,200,600,Kanna,Normal (6),100,100,206,347,30,20,8
Lucent Gauntlets,Utgard,140,,Illium,Normal (6),,,93,153,,,8
Lucent Gauntlets,Genesis,200,600,Illium,Normal (6),150,150,237,400,30,20,None
Lucent Gauntlets,Arcane,200,600,Illium,Normal (6),100,100,206,347,30,20,8
Lucent Gauntlets,Fafnir,150,450,Illium,Normal (6),40,40,119,201,30,10,8
Guns,Utgard,140,,Pirate,Fast (5),,,90,,,,8
Guns,Fafnir,150,,Pirate,Fast (5),,,125,,30,10,8
Guns,Genesis,200,,Pirate,Fast (5),,,249,,30,20,None
Hand Cannons,Genesis,200,,Pirate,Fast (5),,,348,,30,20,None
Heavy Swords,Lapis,180,,Zero Beta,Slow (8),,,207,,30,10,8
Guns,Arcane,200,,Pirate,Fast (5),,,216,,30,20,8
Fans,AbsoLab,160,480,Kanna,Slow (8),60,60,143,241,30,10,8
Hand Cannons,Arcane,200,,Pirate,Slow (8),,,302,,30,20,8
Heavy Swords,Lapis,200,,Zero Beta,Slow (8),,,297,,30,20,8
Hand Cannons,Utgard,140,,Pirate,Slow (8),,,122,,,,8
Hand Cannons,Fafnir,150,,Pirate,Slow (8),,,175,,30,10,8
Heavy Swords,Lapis,170,,Zero Beta,Slow (8),,,173,,30,10,8
Heavy Swords,Lapis,150,,Zero Beta,Slow (8),,,139,,,,8
Heavy Swords,Lapis,140,,Zero Beta,Slow (8),,,121,,,,8
Heavy Swords,Lapis,130,,Zero Beta,Slow (8),,,114,,,,7
Heavy Swords,Lapis,100,,Zero Beta,Slow (8),,,102,,,,7
Heavy Swords,Lapis,110,,Zero Beta,Slow (8),,,105,,,,7
Knuckles,Utgard,140,,Pirate,Fast (5),,,90,,,,8
Heavy Swords,Lapis,120,,Zero Beta,Slow (8),,,107,,,,7
WeaponType,Set,REQ Level,REQ INT,REQ Job,Attack Speed,INT,LUK,Weapon Attack,Magic Attack,Boss Damage,Ignored Enemy Defense,Number of Upgrades
Fans,AbsoLab,160,480,Kanna,Slow (8),60,60,143,241,30,10,8
Long Swords,Lazuli,180,,Zero Alpha,Normal (6),,,203,,30,10,8
Dual Bowguns,AbsoLab,160,,Bowman,Normal (6),,,192,,30,10,8
Long Swords,Lazuli,200,,Zero Alpha,Normal (6),,,293,,30,20,8
Long Swords,Lazuli,170,,Zero Alpha,Normal (6),,,169,,30,10,8
Hand Cannons,AbsoLab,160,,Pirate,Slow (8),,,210,,30,10,8
Guns,AbsoLab,160,,Pirate,Fast (5),,,150,,30,10,8
Long Swords,Lazuli,150,,Zero Alpha,Normal (6),,,135,,,,8
Long Swords,Lazuli,140,,Zero Alpha,Normal (6),,,117,,,,8
Long Swords,Lazuli,130,,Zero Alpha,Normal (6),,,112,,,,7
Long Swords,Lazuli,110,,Zero Alpha,Normal (6),,,103,,,,7
Katanas,Fafnir,150,,Hayato,Fast (5),,,164,,30,10,8
Long Swords,Lazuli,120,,Zero Alpha,Normal (6),,,105,,,,7
Katanas,Utgard,140,,Hayato,Fast (5),,,118,,,,8
Katanas,Genesis,200,,Hayato,Fast (5),,,326,,30,20,None
Long Swords,Lazuli,100,,Zero Alpha,Normal (6),,,100,,,,7
Dual Bowguns,Genesis,200,,Bowman,Normal (6),,,318,,30,20,None
Dual Bowguns,Utgard,140,,Bowman,Normal (6),,,115,,,,8
Fans,Genesis,200,600,Kanna,Normal (6),150,150,237,400,30,20,None
Dual Bowguns,Arcane,200,,Bowman,Normal (6),,,276,,30,20,8
Dual Bowguns,Fafnir,150,,Bowman,Normal (6),,,160,,30,10,8
Fans,Utgard,140,415,Kanna,Fast (4),,,93,115,,,8
Fans,Arcane,200,600,Kanna,Normal (6),100,100,206,347,30,20,8
Fans,Fafnir,150,450,Kanna,Slow (8),40,40,126,204,30,10,8
Guns,Utgard,140,,Pirate,Fast (5),,,90,,,,8
Guns,Genesis,200,,Pirate,Fast (5),,,249,,30,20,None
Heavy Swords,Lapis,180,,Zero Beta,Slow (8),,,207,,30,10,8
Heavy Swords,Lapis,200,,Zero Beta,Slow (8),,,297,,30,20,8
Guns,Arcane,200,,Pirate,Fast (5),,,216,,30,20,8
Hand Cannons,Arcane,200,,Pirate,Slow (8),,,302,,30,20,8
Hand Cannons,Genesis,200,,Pirate,Fast (5),,,348,,30,20,None
Guns,Fafnir,150,,Pirate,Fast (5),,,125,,30,10,8
Hand Cannons,Fafnir,150,,Pirate,Slow (8),,,175,,30,10,8
Hand Cannons,Utgard,140,,Pirate,Slow (8),,,122,,,,8
Heavy Swords,Lapis,170,,Zero Beta,Slow (8),,,173,,30,10,8
Heavy Swords,Lapis,150,,Zero Beta,Slow (8),,,139,,,,8
Heavy Swords,Lapis,140,,Zero Beta,Slow (8),,,121,,,,8
Heavy Swords,Lapis,110,,Zero Beta,Slow (8),,,105,,,,7
Heavy Swords,Lapis,120,,Zero Beta,Slow (8),,,107,,,,7
Heavy Swords,Lapis,100,,Zero Beta,Slow (8),,,102,,,,7
Heavy Swords,Lapis,130,,Zero Beta,Slow (8),,,114,,,,7
Katanas,Arcane,200,,Hayato,Fast (5),,,283,,30,20,8
Knuckles,Utgard,140,,Pirate,Fast (5),,,90,,,,8
Knuckles,Fafnir,150,,Pirate,Fast (5),,,128,,30,10,8
Knuckles,Genesis,200,,Pirate,Fast (5),,,255,,30,20,None
Knuckles,Arcane,200,,Pirate,Fast (5),,,221,,30,20,8
One Handed Axes,Utgard,140,,Warrior,Fast (5),,,118,,,,8
One Handed Axes,Fafnir,150,,Warrior,Fast (5),,,164,,30,10,8
One Handed Axes,Lapis,105,,Warrior,Normal (6),,,101,,,,7
One Handed Axes,Genesis,200,,Warrior,Fast (5),,,326,,30,20,None
One Handed Axes,Lapis,110,,Warrior,Normal (6),,,111,,,,8
One Handed Axes,Arcane,200,,Warrior,Fast (5),,,283,,30,20,8
Lucent Gauntlets,Utgard,140,,Illium,Normal (6),,,93,153,,,8
Lucent Gauntlets,Fafnir,150,450,Illium,Normal (6),40,40,119,201,30,10,8
One Handed Swords,Genesis,200,,Warrior,Fast (5),,,326,,30,20,None
One Handed Swords,Fafnir,150,,Warrior,Fast (5),,,164,,30,10,8
One Handed Swords,Arcane,200,,Warrior,Fast (5),,,283,,30,20,8
One Handed Swords,Lapis,105,,Warrior,Fast (5),,,101,,,,7
Lucent Gauntlets,Genesis,200,600,Illium,Normal (6),150,150,237,400,30,20,None
Lucent Gauntlets,Arcane,200,600,Illium,Normal (6),100,100,206,347,30,20,8
One Handed Swords,Utgard,140,,Warrior,Fast (5),,,118,,,,8
One Handed Blunt Weapons,Lapis,105,,Warrior,Normal (6),,,101,,,,7
One Handed Blunt Weapons,Genesis,200,,Warrior,Fast (5),,,326,,30,20,None
One Handed Blunt Weapons,Arcane,200,,Warrior,Fast (5),,,283,,30,20,8
One Handed Blunt Weapons,Fafnir,150,,Warrior,Fast (5),,,164,,30,10,8
One Handed Blunt Weapons,Lapis,110,,Warrior,Normal (6),,,111,,,,8
Polearms,Utgard,140,,Warrior,Fast (5),,,122,,,,8
One Handed Blunt Weapons,Utgard,140,,Warrior,Fast (5),,,118,,,,8
Heavy Swords,Genesis,200,,Zero Beta,Slow (8),,,342,,30,20,0
Polearms,Lapis,105,,Hayato,Normal (6),,,101,,,,7
Polearms,Genesis,200,,Warrior,Fast (5),,,304,,30,20,None
Polearms,Fafnir,150,,Warrior,Fast (5),,,153,,30,10,8
Polearms,Arcane,200,,Warrior,Fast (5),,,264,,30,20,8
Ritual Fans,Utgard,140,,Hoyoung,Fast (4),,,115,,,,8
Psy limiters,Arcane,200,600,Kinesis,Normal (6),100,100,206,347,30,20,8
Psy limiters,Genesis,200,600,Kinesis,Normal (6),150,150,237,400,30,20,None
Psy limiters,Fafnir,150,450,Kinesis,Normal (6),40,40,110,201,30,10,8
Psy limiters,Utgard,140,415,Kinesis,Normal (6),,,93,153,,,8
Ritual Fans,Fafnir,150,,Hoyoung,Fast (4),,40,160,,30,10,8
Ritual Fans,Genesis,200,,Hoyoung,Fast (4),,150,318,,30,20,None
Scepters,Arcane,200,600,Beast Tamer,Normal (6),100,100,206,347,30,20,8
Scepters,Utgard,140,415,Beast Tamer,Normal (6),,,93,153,,,8
Whispershots,Utgard,140,,Kain,Fast (4),,,115,,,,8
Ritual Fans,Arcane,200,,Hoyoung,Fast (4),,100,276,,30,20,8
Long Swords,Genesis,200,,Zero Alpha,Normal (6),,,337,,30,20,0
Whispershots,Genesis,200,,Kain,Fast (4),,,318,,30,20,None
Scepters,Genesis,200,600,Beast Tamer,Normal (6),150,150,237,400,30,20,None
Scepters,Fafnir,150,450,Beast Tamer,Normal (6),40,40,119,201,30,10,8
Knuckles,AbsoLab,160,,Pirate,Fast (5),,,154,,30,10,8
Two Handed Axes,Utgard,140,,Warrior,Normal (6),,,124,,,,8
Whispershots,Fafnir,150,,Kain,Fast (4),,,160,,30,10,8
Whispershots,Arcane,200,,Kain,Fast (4),,,276,,30,20,8
Katanas,AbsoLab,160,,Hayato,Fast (5),,,197,,30,10,8
Two Handed Axes,Genesis,200,,Warrior,Normal (6),,,340,,30,20,None
One Handed Axes,AbsoLab,160,,Warrior,Fast (5),,,197,,30,10,8
Lucent Gauntlets,AbsoLab,160,480,Illium,Normal (6),60,60,143,241,30,10,8
Two Handed Axes,Fafnir,150,,Warrior,Normal (6),,,171,,30,10,8
Two Handed Axes,Arcane,200,,Warrior,Normal (6),,,295,,30,20,8
Two Handed Swords,Utgard,140,,Warrior,Normal (6),,,122,,,,8
One Handed Blunt Weapons,AbsoLab,160,,Warrior,Fast (5),,,197,,30,10,8
One Handed Swords,AbsoLab,160,,Warrior,Fast (5),,,197,,30,10,8
Two Handed Swords,Fafnir,150,,Warrior,Normal (6),,,171,,30,10,8
Two Handed Swords,Arcane,200,,Warrior,Normal (6),,,295,,30,20,8
Two Handed Swords,Genesis,200,,Warrior,Normal (6),,,340,,30,20,None
Psy limiters,AbsoLab,160,480,Kinesis,Normal (6),60,60,143,241,30,10,8
Polearms,AbsoLab,160,,Warrior,Fast (5),,,184,,30,10,8
Two Handed Axes,AbsoLab,160,,Warrior,Normal (6),,,205,,30,10,8
Scepters,AbsoLab,160,480,Beast Tamer,Normal (6),60,60,143,241,30,10,8
Ritual Fans,AbsoLab,160,,Hoyoung,Fast (4),,60,192,,30,10,8
Wands,Arcane,200,600,Magician,Normal (6),100,100,206,347,30,20,8
Wands,Utgard,140,415,Magician,Normal (6),,,93,153,,,8
Wands,Genesis,200,600,Magician,Normal (6),150,150,237,400,30,20,None
Wands,Fafnir,150,450,Magician,Normal (6),40,40,119,201,30,10,8
Whispershots,AbsoLab,160,,Kain,Fast (4),,,192,,30,10,8
Whip Blades,Utgard,140,,Xenon,Fast (5),,,90,,,,8
Whip Blades,Fafnir,150,,Xenon,Fast (5),,40,128,,30,10,8
Whip Blades,Arcane,200,,Xenon,Fast (5),,,221,,30,20,8
Whip Blades,Genesis,200,,Xenon,Fast (5),,,255,,30,20,None
Two Handed Blunt Weapons,Arcane,200,,Warrior,Normal (6),,,295,,30,20,8
Two Handed Blunt Weapons,Utgard,140,,Warrior,Normal (6),,,124,,,,8
Two Handed Blunt Weapons,Genesis,200,,Warrior,Normal (6),,,340,,30,20,None
Two Handed Blunt Weapons,Fafnir,150,,Warrior,Normal (6),,,171,,30,10,8
Shining Rods,Fafnir,150,450,Luminous,Normal (6),40,40,119,201,30,10,8
Shining Rods,Utgard,140,415,Luminous,Normal (6),,,93,153,,,8
Shining Rods,Genesis,200,600,Luminous,Normal (6),150,150,237,400,30,20,None
Shining Rods,Arcane,200,600,Luminous,Normal (6),100,100,206,347,30,20,8
Two Handed Swords,AbsoLab,160,,Warrior,Normal (6),,,205,,30,10,8
Soul Shooters,Genesis,200,,Angelic Buster,Fast (5),,,255,,30,20,None
Soul Shooters,Fafnir,150,,Angelic Buster,Fast (5),,,128,,30,10,8
Soul Shooters,Arcane,200,,Angelic Buster,Fast (5),,,221,,30,20,8
Soul Shooters,Utgard,140,,Angelic Buster,Fast (5),,,92,,,,8
Wands,AbsoLab,160,480,Magician,Normal (6),60,60,143,241,30,10,8
Staffs,Fafnir,150,450,Magician,Slow (8),40,40,126,204,30,10,8
Shining Rods,AbsoLab,160,480,Luminous,Normal (6),60,60,143,241,30,10,8
Two Handed Blunt Weapons,AbsoLab,160,,Warrior,Normal (6),,,205,,30,10,8
Whip Blades,AbsoLab,160,,Xenon,Fast (5),,60,154,,30,10,8
Staffs,Utgard,140,423,Magician,Normal (6),,,98,155,,,8
Soul Shooters,AbsoLab,160,,Angelic Buster,Fast (5),,,154,,30,10,8
Staffs,Genesis,200,600,Magician,Slow (8),150,150,251,406,30,20,None
Staffs,Arcane,200,600,Magician,Slow (8),100,100,218,353,30,20,8
Spears,Utgard,140,,Warrior,Normal (6),,,124,,,,8
Spears,Arcane,200,,Warrior,Normal (6),,,295,,30,20,8
Spears,Fafnir,150,,Warrior,Normal (6),,,171,,30,10,8
Ancient Bows,Genesis,200,,Pathfinder,Normal (6),,,318,,30,20,None
Staffs,AbsoLab,160,480,Magician,Slow (8),60,60,151,245,30,10,8
Ancient Bows,Utgard,140,,Pathfinder,Normal (6),,,115,,,,8
Spears,Genesis,200,,Warrior,Normal (6),,,340,,30,20,None
Spears,AbsoLab,160,,Warrior,Normal (6),,,205,,30,10,8
Ancient Bows,Arcane,200,,Pathfinder,Normal (6),,,276,,30,20,8
Ancient Bows,Fafnir,150,,Pathfinder,Normal (6),,,160,,30,10,8
Ancient Bows,AbsoLab,160,,Pathfinder,Normal (6),,,192,,30,10,8
Canes,Genesis,200,,Thief,Fast (5),,150,326,,30,20,None
Chains,Genesis,200,,Cadena,Fast (4),,150,318,,30,20,None
Canes,Fafnir,150,,Thief,Fast (5),,40,164,,30,10,8
Chains,Utgard,140,,Cadena,Fast (4),,,115,,,,8
Chains,Fafnir,150,,Cadena,Fast (4),,40,160,,30,10,8
Canes,Utgard,140,,Thief,Fast (4),,,118,,,,8
Canes,Arcane,200,,Thief,Fast (5),,100,283,,30,20,8
Chains,Arcane,200,,Cadena,Fast (4),,100,276,,30,20,8
Bows,Utgard,140,,Bowman,Normal (6),,,115,,,,8
Bows,Genesis,200,,Bowman,Normal (6),,,318,,30,20,None
Bows,Fafnir,150,,Bowman,Normal (6),,,160,,30,10,8
Bows,Arcane,200,,Bowman,Normal (6),,,276,,30,20,8
Daggers,Utgard,140,,Thief,Fast (4),,,115,,,,8
Claws,Fafnir,150,,Thief,Fast (4),,40,86,,30,10,8
Claws,Utgard,140,,Thief,Fast (4),,10,62,,,,8
Claws,Arcane,200,,Thief,Fast (4),,100,149,,30,20,8
Daggers,Genesis,200,,Thief,Fast (4),,150,318,,30,20,None
Claws,Genesis,200,,Thief,Fast (4),,150,172,,30,20,None
Daggers,Fafnir,150,,Thief,Fast (4),,40,160,,30,10,8
Daggers,Arcane,200,,Thief,Fast (4),,100,276,,30,20,8
Crossbows,Genesis,200,,Bowman,Normal (6),,,326,,30,20,None
Crossbows,Utgard,140,,Bowman,Normal (6),,,118,,,,8
Crossbows,Arcane,200,,Bowman,Normal (6),,,283,,30,20,8
Desperados,Utgard,140,,Demon Avenger,Normal (6),,,122,,,,8
Crossbows,Fafnir,150,,Bowman,Normal (6),,,164,,30,10,8
Desperados,Arcane,200,,Demon Avenger,Normal (6),,,295,,30,20,8
Desperados,Fafnir,150,,Demon Avenger,Normal (6),,,171,,30,10,8
Canes,AbsoLab,160,,Thief,Fast (5),,60,197,,30,10,8
Bows,AbsoLab,160,,Bowman,Normal (6),,,192,,30,10,8
Daggers,AbsoLab,160,,Thief,Fast (4),,60,192,,30,10,8
Desperados,Genesis,200,,Demon Avenger,Fast (5),,,340,,30,20,None
Chains,AbsoLab,160,,Cadena,Fast (4),,60,192,,30,10,8
Crossbows,AbsoLab,160,,Bowman,Normal (6),,,197,,30,10,8
Claws,AbsoLab,160,,Thief,Fast (4),,60,103,,30,10,8
Desperados,AbsoLab,160,,Demon Avenger,Normal (6),,,205,,30,10,8
Bladecasters,AbsoLab,160,,Adele,Fast (4),,,205,,30,10,8
Bladecasters,Arcane,200,,Adele,Fast (4),,,295,,30,20,8
Arm Cannons,AbsoLab,160,,Blaster,Fast (5),,,154,,30,10,8
Arm Cannons,Genesis,200,,Blaster,Fast (5),,,255,,30,20,None
Bladecasters,Genesis,200,,Adele,Fast (4),,,340,,30,20,None
Bladecasters,Utgard,140,,Adele,Fast (4),,,122,,,,8
Arm Cannons,Utgard,140,,Blaster,Fast (5),,,90,,,,8
Bladecasters,Fafnir,150,,Adele,Fast (4),,,171,,30,10,8
Arm Cannons,Fafnir,150,,Blaster,Fast (5),,,128,,30,10,8
Arm Cannons,Arcane,200,,Blaster,Fast (5),,,221,,30,20,8
WeaponType,Set,REQ Level,REQ STR,REQ Job,Attack Speed,STR,DEX,Weapon Attack,Boss Damage,Ignored Enemy Defense,Number of Upgrades
Knuckles,Utgard,150,450,Pirate,Fast (5),40,40,128,30,10,8
Hand Cannons,Utgard,150,450,Pirate,Slow (8),40,40,175,30,10,8
Hand Cannons,Utgard,150,450,Pirate,Slow (8),40,40,175,30,10,8
Hand Cannons,Utgard,150,450,Pirate,Slow (8),40,40,175,30,10,8
Knuckles,Utgard,140,600,Pirate,Fast (5),150,150,90,30,20,8
Hand Cannons,Utgard,150,450,Pirate,Slow (8),40,40,175,30,10,8
Knuckles,Utgard,140,600,Pirate,Fast (5),150,150,90,30,20,8
Knuckles,Utgard,140,600,Pirate,Fast (5),150,150,90,30,20,8
Guns,Utgard,200,,Pirate,Fast (5),100,100,216,30,20,8
Guns,Utgard,200,,Pirate,Fast (5),100,100,216,30,20,8
Guns,Utgard,200,,Pirate,Fast (5),100,100,216,30,20,8
Long Swords,Lazuli,150,420,Zero Alpha,Normal (6),35,20,135,30,10,8
Long Swords,Lazuli,150,420,Zero Alpha,Normal (6),35,20,135,30,10,8
Guns,Utgard,200,,Pirate,Fast (5),100,100,216,30,20,8
Long Swords,Lazuli,150,420,Zero Alpha,Normal (6),35,20,135,30,10,8
Long Swords,Lazuli,150,420,Zero Alpha,Normal (6),35,20,135,30,10,8
Dual Bowguns,Utgard,150,,Bowman,Normal (6),40,40,160,30,10,8
Dual Bowguns,Utgard,150,,Bowman,Normal (6),40,40,160,30,10,8
Dual Bowguns,Utgard,150,,Bowman,Normal (6),40,40,160,30,10,8
Dual Bowguns,Utgard,150,,Bowman,Normal (6),40,40,160,30,10,8
Heavy Swords,Lapis,170,450,Zero Beta,Slow (8),40,40,173,30,10,8
Heavy Swords,Lapis,170,450,Zero Beta,Slow (8),40,40,173,30,10,8
Heavy Swords,Lapis,170,450,Zero Beta,Slow (8),40,40,173,30,10,8
Heavy Swords,Lapis,170,450,Zero Beta,Slow (8),40,40,173,30,10,8
Heavy Swords,Lapis,170,450,Zero Beta,Slow (8),40,40,173,30,10,8
Heavy Swords,Lapis,170,450,Zero Beta,Slow (8),40,40,173,30,10,8
Fans,Utgard,140,,Kanna,Fast (4),,,93,30,20,8
Heavy Swords,Lapis,200,600,Zero Beta,Slow (8),150,150,342,30,20,0
Fans,Utgard,200,,Kanna,Normal (6),,,237,30,20,None
Fans,Utgard,200,,Kanna,Normal (6),,,237,30,20,None
Heavy Swords,Lapis,200,600,Zero Beta,Slow (8),150,150,342,30,20,0
Dual Bowguns,Utgard,160,,Bowman,Normal (6),60,60,192,30,10,8
Heavy Swords,Lapis,200,600,Zero Beta,Slow (8),150,150,342,30,20,0
Fans,Utgard,200,,Kanna,Normal (6),,,237,30,20,None
Heavy Swords,Lapis,200,600,Zero Beta,Slow (8),150,150,342,30,20,0
Long Swords,Lazuli,110,325,Zero Alpha,Normal (6),8,4,103,30,10,7
Long Swords,Lazuli,110,325,Zero Alpha,Normal (6),8,4,103,30,10,7
Long Swords,Lazuli,110,325,Zero Alpha,Normal (6),8,4,103,30,10,7
Long Swords,Lazuli,110,325,Zero Alpha,Normal (6),8,4,103,30,10,7
Long Swords,Lazuli,110,325,Zero Alpha,Normal (6),8,4,103,30,10,7
Katanas,Utgard,200,600,Hayato,Fast (5),100,100,283,30,20,8
Katanas,Utgard,200,600,Hayato,Fast (5),100,100,283,30,20,8
Katanas,Utgard,200,600,Hayato,Fast (5),100,100,283,30,20,8
Katanas,Utgard,200,600,Hayato,Fast (5),100,100,283,30,20,8
Lucent Gauntlets,Utgard,200,,Illium,Normal (6),,,237,30,20,None
One Handed Swords,Utgard,200,600,Warrior,Fast (5),150,150,326,30,20,None
Lucent Gauntlets,Utgard,200,,Illium,Normal (6),,,237,30,20,None
Lucent Gauntlets,Utgard,200,,Illium,Normal (6),,,237,30,20,None
Lucent Gauntlets,Utgard,200,,Illium,Normal (6),,,237,30,20,None
One Handed Swords,Utgard,200,600,Warrior,Fast (5),150,150,326,30,20,None
One Handed Swords,Utgard,200,600,Warrior,Fast (5),150,150,326,30,20,None
One Handed Swords,Utgard,200,600,Warrior,Fast (5),100,100,283,30,20,8
One Handed Swords,Utgard,200,600,Warrior,Fast (5),100,100,283,30,20,8
One Handed Blunt Weapons,Utgard,150,450,Warrior,Fast (5),40,40,164,30,10,8
Ritual Fans,Utgard,200,,Hoyoung,Fast (4),,100,276,30,20,8
One Handed Blunt Weapons,Utgard,140,320,Warrior,Fast (5),1,1,118,30,10,8
Ritual Fans,Utgard,200,,Hoyoung,Fast (4),,100,276,30,20,8
Ritual Fans,Utgard,200,,Hoyoung,Fast (4),,100,276,30,20,8
One Handed Blunt Weapons,Utgard,110,265,Warrior,Normal (6),5,5,111,30,20,8
Ritual Fans,Utgard,200,,Hoyoung,Fast (4),,100,276,30,20,8
One Handed Blunt Weapons,Utgard,110,265,Warrior,Normal (6),5,5,111,30,20,8
One Handed Blunt Weapons,Utgard,110,265,Warrior,Normal (6),5,5,111,30,20,8
One Handed Blunt Weapons,Utgard,110,265,Warrior,Normal (6),5,5,111,30,20,8
One Handed Axes,Utgard,150,450,Warrior,Fast (5),40,40,164,30,10,8
One Handed Axes,Utgard,150,450,Warrior,Fast (5),40,40,164,30,10,8
One Handed Axes,Utgard,150,450,Warrior,Fast (5),40,40,164,30,10,8
One Handed Axes,Utgard,150,450,Warrior,Fast (5),40,40,164,30,10,8
One Handed Axes,Utgard,150,450,Warrior,Fast (5),40,40,164,30,10,8
One Handed Axes,Utgard,150,450,Warrior,Fast (5),40,40,164,30,10,8
Fans,Utgard,160,,Kanna,Slow (8),,,143,30,10,8
Psy limiters,Utgard,140,,Kinesis,Normal (6),,,93,30,20,8
Psy limiters,Utgard,140,,Kinesis,Normal (6),,,93,30,20,8
Psy limiters,Utgard,150,,Kinesis,Normal (6),,,110,30,10,8
Scepters,Utgard,200,,Beast Tamer,Normal (6),,,237,30,20,None
Psy limiters,Utgard,150,,Kinesis,Normal (6),,,110,30,10,8
Scepters,Utgard,150,,Beast Tamer,Normal (6),,,119,30,10,8
Scepters,Utgard,200,,Beast Tamer,Normal (6),,,206,30,20,8
Polearms,Utgard,200,600,Warrior,Fast (5),100,100,264,30,20,8
Polearms,Utgard,200,600,Warrior,Fast (5),100,100,264,30,20,8
Scepters,Utgard,200,,Beast Tamer,Normal (6),,,206,30,20,8
Polearms,Utgard,200,600,Warrior,Fast (5),100,100,264,30,20,8
Hand Cannons,Utgard,160,480,Pirate,Slow (8),60,60,210,30,10,8
Polearms,Utgard,200,600,Warrior,Fast (5),150,150,304,30,20,None
Polearms,Utgard,200,600,Warrior,Fast (5),150,150,304,30,20,None
Knuckles,Utgard,160,480,Pirate,Fast (5),60,60,154,30,10,8
Guns,Utgard,160,,Pirate,Fast (5),60,60,150,30,10,8
Long Swords,Lazuli,200,600,Zero Alpha,Normal (6),150,150,337,30,20,0
Katanas,Utgard,160,480,Hayato,Fast (5),60,60,197,30,10,8
Lucent Gauntlets,Utgard,160,,Illium,Normal (6),,,143,30,10,8
Shining Rods,Utgard,200,,Luminous,Normal (6),,,237,30,20,None
Shining Rods,Utgard,200,,Luminous,Normal (6),,,237,30,20,None
Shining Rods,Utgard,200,,Luminous,Normal (6),,,206,30,20,8
Shining Rods,Utgard,200,,Luminous,Normal (6),,,206,30,20,8
One Handed Swords,Utgard,160,480,Warrior,Fast (5),60,60,197,30,10,8
Ritual Fans,Utgard,160,,Hoyoung,Fast (4),,60,192,30,10,8
Soul Shooters,Utgard,150,,Angelic Buster,Fast (5),40,40,128,30,10,8
Soul Shooters,Utgard,150,,Angelic Buster,Fast (5),40,40,128,30,10,8
One Handed Blunt Weapons,Utgard,160,480,Warrior,Fast (5),60,60,197,30,10,8
Soul Shooters,Utgard,150,,Angelic Buster,Fast (5),40,40,128,30,10,8
Soul Shooters,Utgard,150,,Angelic Buster,Fast (5),40,40,128,30,10,8
One Handed Axes,Utgard,160,480,Warrior,Fast (5),60,60,197,30,10,8
Psy limiters,Utgard,160,,Kinesis,Normal (6),,,143,30,10,8
Scepters,Utgard,160,,Beast Tamer,Normal (6),,,143,30,10,8
Polearms,Utgard,160,480,Warrior,Fast (5),60,60,184,30,10,8
Two Handed Swords,Utgard,200,600,Warrior,Normal (6),100,100,295,30,20,8
Two Handed Swords,Utgard,200,600,Warrior,Normal (6),100,100,295,30,20,8
Two Handed Swords,Utgard,200,600,Warrior,Normal (6),100,100,295,30,20,8
Two Handed Swords,Utgard,200,600,Warrior,Normal (6),100,100,295,30,20,8
Whispershots,Utgard,200,,Kain,Fast (4),100,100,276,30,20,8
Whispershots,Utgard,200,,Kain,Fast (4),100,100,276,30,20,8
Whispershots,Utgard,200,,Kain,Fast (4),100,100,276,30,20,8
Whispershots,Utgard,200,,Kain,Fast (4),100,100,276,30,20,8
Whip Blades,Utgard,140,,Xenon,Fast (5),,,90,,,8
Whip Blades,Utgard,150,,Xenon,Fast (5),150,40,128,30,10,8
Whip Blades,Utgard,200,,Xenon,Fast (5),100,100,221,30,20,8
Whip Blades,Utgard,200,,Xenon,Fast (5),100,100,221,30,20,8
Shining Rods,Utgard,160,,Luminous,Normal (6),,,143,30,10,8
Two Handed Axes,Utgard,200,600,Warrior,Normal (6),100,100,295,30,20,8
Two Handed Axes,Utgard,200,600,Warrior,Normal (6),100,100,295,30,20,8
Two Handed Axes,Utgard,200,600,Warrior,Normal (6),100,100,295,30,20,8
Two Handed Axes,Utgard,200,600,Warrior,Normal (6),100,100,295,30,20,8
Soul Shooters,Utgard,160,,Angelic Buster,Fast (5),60,60,154,30,10,8
Wands,Utgard,200,,Magician,Normal (6),,,206,30,20,8
Wands,Utgard,200,,Magician,Normal (6),,,206,30,20,8
Staffs,Utgard,200,,Magician,Slow (8),,,218,30,20,8
Wands,Utgard,200,,Magician,Normal (6),,,206,30,20,8
Staffs,Utgard,200,,Magician,Slow (8),,,218,30,20,8
Wands,Utgard,200,,Magician,Normal (6),,,206,30,20,8
Staffs,Utgard,200,,Magician,Slow (8),,,218,30,20,8
Staffs,Utgard,200,,Magician,Slow (8),,,218,30,20,8
Two Handed Swords,Utgard,160,480,Warrior,Normal (6),60,60,205,30,10,8
Whispershots,Utgard,160,,Kain,Fast (4),60,60,192,30,10,8
Two Handed Blunt Weapons,Utgard,150,450,Warrior,Normal (6),40,40,171,30,10,8
Two Handed Blunt Weapons,Utgard,150,450,Warrior,Normal (6),40,40,171,30,10,8
Two Handed Blunt Weapons,Utgard,150,450,Warrior,Normal (6),40,40,171,30,10,8
Two Handed Blunt Weapons,Utgard,150,450,Warrior,Normal (6),40,40,171,30,10,8
Whip Blades,Utgard,160,,Xenon,Fast (5),100,60,154,30,10,8
Two Handed Axes,Utgard,160,480,Warrior,Normal (6),60,60,205,30,10,8
Wands,Utgard,160,,Magician,Normal (6),,,143,30,10,8
Staffs,Utgard,160,,Magician,Slow (8),,,151,30,10,8
Spears,Utgard,150,450,Warrior,Normal (6),40,40,171,30,10,8
Spears,Utgard,150,450,Warrior,Normal (6),40,40,171,30,10,8
Spears,Utgard,150,450,Warrior,Normal (6),40,40,171,30,10,8
Spears,Utgard,150,450,Warrior,Normal (6),40,40,171,30,10,8
Spears,Utgard,150,450,Warrior,Normal (6),40,40,171,30,10,8
Two Handed Blunt Weapons,Utgard,160,480,Warrior,Normal (6),60,60,205,30,10,8
Ancient Bows,Utgard,200,,Pathfinder,Normal (6),100,100,276,30,20,8
Ancient Bows,Utgard,200,,Pathfinder,Normal (6),100,100,276,30,20,8
Ancient Bows,Utgard,200,,Pathfinder,Normal (6),100,100,276,30,20,8
Ancient Bows,Utgard,200,,Pathfinder,Normal (6),100,100,276,30,20,8
Ancient Bows,Utgard,200,,Pathfinder,Normal (6),100,100,276,30,20,8
Claws,Utgard,160,,Thief,Fast (4),,60,103,30,10,8
Crossbows,Utgard,160,,Bowman,Normal (6),60,60,197,30,10,8
Daggers,Utgard,160,,Thief,Fast (4),,60,192,30,10,8
Desperados,Utgard,160,480,Demon Avenger,Normal (6),60,,205,30,10,8
Bows,Utgard,160,,Bowman,Normal (6),60,60,192,30,10,8
Canes,Utgard,160,,Thief,Fast (5),,60,197,30,10,8
Arm Cannons,Utgard,140,600,Blaster,Fast (5),100,100,90,30,20,8
Bladecasters,Utgard,200,600,Adele,Fast (4),100,100,295,30,20,8
Arm Cannons,Utgard,140,600,Blaster,Fast (5),100,100,90,30,20,8
Arm Cannons,Utgard,140,600,Blaster,Fast (5),100,100,90,30,20,8
Arm Cannons,Utgard,140,600,Blaster,Fast (5),100,100,90,30,20,8
Arm Cannons,Utgard,140,600,Blaster,Fast (5),100,100,90,30,20,8
Bladecasters,Utgard,200,600,Adele,Fast (4),100,100,295,30,20,8
Bladecasters,Utgard,200,600,Adele,Fast (4),100,100,295,30,20,8
Bladecasters,Utgard,200,600,Adele,Fast (4),100,100,295,30,20,8
Chains,Utgard,160,,Cadena,Fast (4),,60,192,30,10,8
Daggers,Utgard,200,,Thief,Fast (4),,150,318,30,20,None
Bladecasters,Utgard,200,600,Adele,Fast (4),100,100,295,30,20,8
Bows,Utgard,140,,Bowman,Normal (6),100,100,115,30,20,8
Bows,Utgard,140,,Bowman,Normal (6),100,100,115,30,20,8
Bows,Utgard,140,,Bowman,Normal (6),100,100,115,30,20,8
Daggers,Utgard,140,,Thief,Fast (4),,150,115,30,20,8
Daggers,Utgard,140,,Thief,Fast (4),,150,115,30,20,8
Bows,Utgard,200,,Bowman,Normal (6),150,150,318,30,20,None
Daggers,Utgard,200,,Thief,Fast (4),,100,276,30,20,8
Canes,Utgard,150,,Thief,Fast (5),,40,164,30,10,8
Canes,Utgard,150,,Thief,Fast (5),,40,164,30,10,8
Claws,Utgard,200,,Thief,Fast (4),,100,149,30,20,8
Canes,Utgard,150,,Thief,Fast (5),,40,164,30,10,8
Claws,Utgard,200,,Thief,Fast (4),,100,149,30,20,8
Claws,Utgard,200,,Thief,Fast (4),,100,149,30,20,8
Canes,Utgard,150,,Thief,Fast (5),,40,164,30,10,8
Desperados,Utgard,150,450,Demon Avenger,Normal (6),40,100,171,30,10,8
Claws,Utgard,200,,Thief,Fast (4),,100,149,30,20,8
Desperados,Utgard,150,450,Demon Avenger,Normal (6),40,100,171,30,10,8
Crossbows,Utgard,140,,Bowman,Normal (6),150,150,118,30,20,8
Crossbows,Utgard,140,,Bowman,Normal (6),150,150,118,30,20,8
Desperados,Utgard,150,450,Demon Avenger,Normal (6),40,100,171,30,10,8
Crossbows,Utgard,140,,Bowman,Normal (6),150,150,118,30,20,8
Crossbows,Utgard,140,,Bowman,Normal (6),150,150,118,30,20,8
Desperados,Utgard,150,450,Demon Avenger,Normal (6),40,100,171,30,10,8
Chains,Utgard,150,,Cadena,Fast (4),,40,160,30,10,8
Chains,Utgard,150,,Cadena,Fast (4),,40,160,30,10,8
Chains,Utgard,150,,Cadena,Fast (4),,40,160,30,10,8
Chains,Utgard,150,,Cadena,Fast (4),,40,160,30,10,8
WeaponType,Set,REQ Level,REQ INT,REQ Job,Attack Speed,Weapon Attack,Magic Attack,Number of Upgrades
Psy limiters,Utgard,140,415,Kinesis,Normal (6),93,153,8
Psy limiters,Utgard,200,600,Kinesis,Normal (6),206,347,8,100,100,30,20
Ritual Fans,Utgard,140,0,Hoyoung,Fast (4),115,0,8,0,0,0,0
Ritual Fans,Utgard,200,0,Hoyoung,Fast (4),276,0,8,0,100,30,20
Psy limiters,Utgard,200,600,Kinesis,Normal (6),237,400,None,150,150,30,20,0,0
Psy limiters,Utgard,150,450,Kinesis,Normal (6),110,201,8,40,40,30,10,0,0
Ritual Fans,Utgard,150,0,Hoyoung,Fast (4),160,0,8,0,40,30,10,450,40
Ritual Fans,Utgard,200,0,Hoyoung,Fast (4),318,0,None,0,150,30,20,600,150
Lucent Gauntlets,Utgard,160,480,Illium,Normal (6),143,241,8,60,60,30,10,0,0
Heavy Swords,Lapis,200,0,Zero Beta,Slow (8),342,0,0,0,0,30,20,0,150
One Handed Blunt Weapons,Utgard,105,0,Warrior,Normal (6),101,0,7,0,0,0,0,0,1
Long Swords,Lazuli,200,0,Zero Alpha,Normal (6),337,0,0,0,0,30,20,0,150
One Handed Axes,Utgard,160,0,Warrior,Fast (5),197,0,8,0,0,30,10,0,60
One Handed Blunt Weapons,Utgard,200,0,Warrior,Fast (5),326,0,None,0,0,30,20,0,150
Knuckles,Utgard,160,0,Pirate,Fast (5),154,0,8,0,0,30,10,0,60
One Handed Blunt Weapons,Utgard,140,0,Warrior,Fast (5),118,0,8,0,0,30,20,0,150
Dual Bowguns,Utgard,200,0,Bowman,Normal (6),318,0,None,0,0,30,20,0,150
Dual Bowguns,Utgard,140,0,Bowman,Normal (6),115,0,8,0,0,30,20,0,150
Dual Bowguns,Utgard,150,0,Bowman,Normal (6),160,0,8,0,0,30,10,0,40
Dual Bowguns,Utgard,160,0,Bowman,Normal (6),192,0,8,0,0,30,10,0,60
Dual Bowguns,Utgard,200,0,Bowman,Normal (6),276,0,8,0,0,30,20,0,100
Katanas,Utgard,140,0,Hayato,Fast (5),118,0,8,0,0,0,0,0,0
Katanas,Utgard,200,0,Hayato,Fast (5),326,0,None,0,0,30,20,0,150
Katanas,Utgard,200,0,Hayato,Fast (5),283,0,8,0,0,30,20,0,100
Guns,Utgard,140,0,Pirate,Fast (5),90,0,8,0,0,0,0,0,0
Katanas,Utgard,150,0,Hayato,Fast (5),164,0,8,0,0,30,10,0,40
Guns,Utgard,200,0,Pirate,Fast (5),249,0,None,0,0,30,20,0,150
Guns,Utgard,150,0,Pirate,Fast (5),125,0,8,0,0,30,10,0,40
Guns,Utgard,200,0,Pirate,Fast (5),216,0,8,0,0,30,20,0,100
Hand Cannons,Utgard,200,0,Pirate,Fast (5),348,0,None,0,0,30,20,0,150
Hand Cannons,Utgard,200,0,Pirate,Slow (8),302,0,8,0,0,30,20,0,100
Fans,Utgard,200,600,Kanna,Normal (6),237,400,None,150,150,30,20,0,0
Hand Cannons,Utgard,150,0,Pirate,Slow (8),175,0,8,0,0,30,10,0,40
Fans,Utgard,140,415,Kanna,Fast (4),93,115,8,150,150,30,20,0,0
Hand Cannons,Utgard,140,0,Pirate,Slow (8),122,0,8,0,0,30,10,0,40
Fans,Utgard,150,450,Kanna,Slow (8),126,204,8,40,40,30,10,0,0
Fans,Utgard,200,600,Kanna,Normal (6),206,347,8,100,100,30,20,0,0
Heavy Swords,Lapis,180,0,Zero Beta,Slow (8),207,0,8,0,0,30,10,0,60
Heavy Swords,Lapis,200,0,Zero Beta,Slow (8),297,0,8,0,0,30,20,0,100
Heavy Swords,Lapis,150,0,Zero Beta,Slow (8),139,0,8,0,0,30,20,0,20
Heavy Swords,Lapis,140,0,Zero Beta,Slow (8),121,0,8,0,0,30,20,0,4
Heavy Swords,Lapis,130,0,Zero Beta,Slow (8),114,0,7,0,0,30,20,0,4
Heavy Swords,Lapis,110,0,Zero Beta,Slow (8),105,0,7,0,0,30,20,0,4
Heavy Swords,Lapis,170,0,Zero Beta,Slow (8),173,0,8,0,0,30,10,0,40
Heavy Swords,Lapis,120,0,Zero Beta,Slow (8),107,0,7,0,0,30,10,0,40
Knuckles,Utgard,140,0,Pirate,Fast (5),90,0,8,0,0,30,10,0,60
Heavy Swords,Lapis,100,0,Zero Beta,Slow (8),102,0,7,0,0,30,10,0,40
Knuckles,Utgard,150,0,Pirate,Fast (5),128,0,8,0,0,30,10,0,40
Knuckles,Utgard,200,0,Pirate,Fast (5),255,0,None,0,0,30,20,0,150
Knuckles,Utgard,200,0,Pirate,Fast (5),221,0,8,0,0,30,20,0,100
Lucent Gauntlets,Utgard,140,480,Illium,Normal (6),93,153,8,60,60,30,10,415,0
Lucent Gauntlets,Utgard,150,450,Illium,Normal (6),119,201,8,40,40,30,10,415,0
Lucent Gauntlets,Utgard,200,600,Illium,Normal (6),206,347,8,100,100,30,20,415,0
Lucent Gauntlets,Utgard,200,600,Illium,Normal (6),237,400,None,150,150,30,20,415,0
Long Swords,Lazuli,120,0,Zero Alpha,Normal (6),105,0,7,0,0,30,20,0,150
Long Swords,Lazuli,150,0,Zero Alpha,Normal (6),135,0,8,0,0,30,20,0,20
Long Swords,Lazuli,170,0,Zero Alpha,Normal (6),169,0,8,0,0,30,10,0,40
Long Swords,Lazuli,180,0,Zero Alpha,Normal (6),203,0,8,0,0,30,10,0,60
Long Swords,Lazuli,200,0,Zero Alpha,Normal (6),293,0,8,0,0,30,20,0,100
Long Swords,Lazuli,140,0,Zero Alpha,Normal (6),117,0,8,0,0,30,20,0,4
Long Swords,Lazuli,110,0,Zero Alpha,Normal (6),103,0,7,0,0,30,20,0,4
Long Swords,Lazuli,130,0,Zero Alpha,Normal (6),112,0,7,0,0,30,20,0,4
Long Swords,Lazuli,100,0,Zero Alpha,Normal (6),100,0,7,0,0,30,20,0,4
One Handed Axes,Utgard,140,0,Warrior,Fast (5),118,0,8,0,0,30,10,0,60
One Handed Axes,Utgard,105,0,Warrior,Normal (6),101,0,7,0,0,30,10,0,1
One Handed Axes,Utgard,200,0,Warrior,Fast (5),326,0,None,0,0,30,20,0,150
One Handed Axes,Utgard,150,0,Warrior,Fast (5),164,0,8,0,0,30,10,0,40
One Handed Axes,Utgard,110,0,Warrior,Normal (6),111,0,8,0,0,30,10,0,5
One Handed Axes,Utgard,200,0,Warrior,Fast (5),283,0,8,0,0,30,20,0,100
Katanas,Utgard,160,0,Hayato,Fast (5),197,0,8,0,0,30,10,0,60
Hand Cannons,Utgard,160,0,Pirate,Slow (8),210,0,8,0,0,30,10,0,60
Fans,Utgard,160,480,Kanna,Slow (8),143,241,8,60,60,30,10,0,0
Guns,Utgard,160,0,Pirate,Fast (5),150,0,8,0,0,30,10,0,60
One Handed Blunt Weapons,Utgard,150,0,Warrior,Fast (5),164,0,8,0,0,30,10,0,40
One Handed Blunt Weapons,Utgard,110,0,Warrior,Normal (6),111,0,8,0,0,30,10,0,5
One Handed Blunt Weapons,Utgard,200,0,Warrior,Fast (5),283,0,8,0,0,30,20,0,100
Polearms,Utgard,200,0,Warrior,Fast (5),264,0,8,0,0,30,20,0,100
Polearms,Utgard,140,0,Warrior,Fast (5),122,0,8,0,0,30,20,0,100
Polearms,Utgard,150,0,Warrior,Fast (5),153,0,8,0,0,30,10,0,40
One Handed Swords,Utgard,140,0,Warrior,Fast (5),118,0,8,0,0,0,0,0,0
One Handed Swords,Utgard,105,0,Warrior,Fast (5),101,0,7,0,0,0,0,0,1
Polearms,Utgard,105,0,Hayato,Normal (6),101,0,7,0,0,30,10,0,1
Polearms,Utgard,200,0,Warrior,Fast (5),304,0,None,0,0,30,20,0,150
One Handed Swords,Utgard,200,0,Warrior,Fast (5),326,0,None,0,0,30,20,0,150
One Handed Swords,Utgard,150,0,Warrior,Fast (5),164,0,8,0,0,30,10,0,40
One Handed Swords,Utgard,200,0,Warrior,Fast (5),283,0,8,0,0,30,20,0,100
Two Handed Swords,Utgard,200,0,Warrior,Normal (6),295,0,8,0,0,30,20,0,100
Two Handed Swords,Utgard,140,0,Warrior,Normal (6),122,0,8,0,0,30,20,0,100
Scepters,Utgard,200,600,Beast Tamer,Normal (6),206,347,8,100,100,30,20,0,0
Scepters,Utgard,140,415,Beast Tamer,Normal (6),93,153,8,100,100,30,20,0,0
Two Handed Swords,Utgard,200,0,Warrior,Normal (6),340,0,None,0,0,30,20,0,150
Scepters,Utgard,200,600,Beast Tamer,Normal (6),237,400,None,150,150,30,20,0,0
Scepters,Utgard,150,450,Beast Tamer,Normal (6),119,201,8,40,40,30,10,0,0
Shining Rods,Utgard,200,600,Luminous,Normal (6),237,400,None,150,150,30,20,0,0
Two Handed Swords,Utgard,150,0,Warrior,Normal (6),171,0,8,0,0,30,10,0,40
Shining Rods,Utgard,140,415,Luminous,Normal (6),93,153,8,150,150,30,20,0,0
Shining Rods,Utgard,150,450,Luminous,Normal (6),119,201,8,40,40,30,10,0,0
Psy limiters,Utgard,160,480,Kinesis,Normal (6),143,241,8,60,60,30,10,0,0,0,0,0,0,0,0,0,0
Ritual Fans,Utgard,160,0,Hoyoung,Fast (4),192,0,8,0,60,30,10,480,60,0,0,0,0,0,0,0,0
Shining Rods,Utgard,200,600,Luminous,Normal (6),206,347,8,100,100,30,20,0,0,0,0,0,0,0,0,0,0
Whispershots,Utgard,200,0,Kain,Fast (4),318,0,None,0,0,30,20,0,150,0,150,0,0,0,600,19,0
Whispershots,Utgard,140,0,Kain,Fast (4),115,0,8,0,0,30,20,0,150,0,150,0,0,0,345,14,0
Whispershots,Utgard,150,0,Kain,Fast (4),160,0,8,0,0,30,10,0,40,0,40,0,0,0,450,14,0
Whispershots,Utgard,200,0,Kain,Fast (4),276,0,8,0,0,30,20,0,100,0,100,0,0,0,600,19,0
Two Handed Blunt Weapons,Utgard,140,0,Warrior,Normal (6),124,0,8,0,0,0,0,0,0,430,0,0,0,0,0,0,0
Two Handed Blunt Weapons,Utgard,200,0,Warrior,Normal (6),340,0,None,0,0,30,20,0,150,600,150,0,0,0,0,0,0
Two Handed Blunt Weapons,Utgard,150,0,Warrior,Normal (6),171,0,8,0,0,30,10,0,40,450,40,0,0,0,0,0,0
Staffs,Utgard,200,600,Magician,Slow (8),251,406,None,150,150,30,20,0,0,0,0,0,0,0,0,0,0
Two Handed Blunt Weapons,Utgard,200,0,Warrior,Normal (6),295,0,8,0,0,30,20,0,100,600,100,0,0,0,0,0,0
Staffs,Utgard,140,423,Magician,Normal (6),98,155,8,150,150,30,20,0,0,0,0,0,0,0,0,0,0
Staffs,Utgard,150,450,Magician,Slow (8),126,204,8,40,40,30,10,0,0,0,0,0,0,0,0,0,0
Staffs,Utgard,200,600,Magician,Slow (8),218,353,8,100,100,30,20,0,0,0,0,0,0,0,0,0,0
One Handed Blunt Weapons,Utgard,160,0,Warrior,Fast (5),197,0,8,0,0,30,10,0,60,480,60,0,"When attacking |Mammal|-type enemies:
|Damage: +20%|
|When your job is |Demon Slayer|:
|
|Critical Rate: +5%|
|Critical Damage: +10%|
|When Diligence EXP is 100 (Level 3, 20 Points) or higher:
|
|Has a 3% chance to to deal 10% extra damage on boss monsters","500,000",0,0,100
Scepters,Utgard,160,480,Beast Tamer,Normal (6),143,241,8,60,60,30,10,0,0,0,0,0,0,0,0,0,0
Wands,Utgard,140,415,Magician,Normal (6),93,153,8,0,0,0,0,0,0,0,0,0,0,0,0,0,0
Two Handed Swords,Utgard,160,0,Warrior,Normal (6),205,0,8,0,0,30,10,0,60,480,60,0,0,0,0,0,0
One Handed Swords,Utgard,160,0,Warrior,Fast (5),197,0,8,0,0,30,10,0,60,480,60,0,"When attacking |Mammal|-type enemies:
|Damage: +20%|
|When your job is |Mihile IV| or |Paladin IV|:
|
|Critical Rate: +5%|
|Critical Damage: +10%|
|When Diligence EXP is 320 (Lv. 6, 65 Points) or higher:
|
|Has a 3% chance to deal 10% extra damage on boss monsters.","500,000",0,0,0
Wands,Utgard,200,600,Magician,Normal (6),237,400,None,150,150,30,20,0,0,0,0,0,0,0,0,0,0
Polearms,Utgard,160,0,Warrior,Fast (5),184,0,8,0,0,30,10,0,60,480,60,0,"When Diligence EXP is 100 (Lv. 3, 20 Points) or higher:
|Has a chance to add Instant Death effect.|
|When attacking |Mammal|-type enemies:
|
|Damage: +20%|
|When your job is |Hayato|:
|
|Critical Rate: +5%|
|Critical Damage: +10","500,000",0,0,0
Wands,Utgard,150,450,Magician,Normal (6),119,201,8,40,40,30,10,0,0,0,0,0,0,0,0,0,0
Shining Rods,Utgard,160,480,Luminous,Normal (6),143,241,8,60,60,30,10,0,0,0,0,0,0,0,0,0,0
Whispershots,Utgard,160,0,Kain,Fast (4),192,0,8,0,0,30,10,0,60,0,60,0,0,0,480,12,0
Soul Shooters,Utgard,200,0,Angelic Buster,Fast (5),221,0,8,0,0,30,20,0,100,0,100,0,0,0,600,0,0
Two Handed Blunt Weapons,Utgard,160,0,Warrior,Normal (6),205,0,8,0,0,30,10,0,60,480,60,0,0,0,0,0,0
Soul Shooters,Utgard,140,0,Angelic Buster,Fast (5),92,0,8,0,0,30,20,0,100,0,100,0,0,0,600,0,0
Wands,Utgard,200,600,Magician,Normal (6),206,347,8,100,100,30,20,0,0,0,0,0,0,0,0,0,0
Staffs,Utgard,160,480,Magician,Slow (8),151,245,8,60,60,30,10,0,0,0,0,0,0,0,0,0,0
Soul Shooters,Utgard,150,0,Angelic Buster,Fast (5),128,0,8,0,0,30,10,0,40,0,40,0,0,0,450,0,0
Soul Shooters,Utgard,200,0,Angelic Buster,Fast (5),255,0,None,0,0,30,20,0,150,0,150,0,0,0,600,0,0
Two Handed Axes,Utgard,200,0,Warrior,Normal (6),340,0,None,0,0,30,20,0,150,600,150,0,0,0,0,0,0
Two Handed Axes,Utgard,140,0,Warrior,Normal (6),124,0,8,0,0,30,20,0,150,430,150,0,0,0,0,0,0
Wands,Utgard,160,480,Magician,Normal (6),143,241,8,60,60,30,10,0,0,0,0,0,0,0,0,0,0
Two Handed Axes,Utgard,200,0,Warrior,Normal (6),295,0,8,0,0,30,20,0,100,600,100,0,0,0,0,0,0
Whip Blades,Utgard,200,0,Xenon,Fast (5),255,0,None,0,0,30,20,0,150,0,150,0,0,0,0,0,0
Two Handed Axes,Utgard,150,0,Warrior,Normal (6),171,0,8,0,0,30,10,0,40,450,40,0,0,0,0,0,0
Whip Blades,Utgard,140,0,Xenon,Fast (5),90,0,8,0,0,30,20,0,150,0,150,0,0,0,0,0,0
Whip Blades,Utgard,150,0,Xenon,Fast (5),128,0,8,0,40,30,10,0,40,0,150,0,0,0,0,0,0
Whip Blades,Utgard,200,0,Xenon,Fast (5),221,0,8,0,40,30,20,0,100,0,100,0,0,0,0,0,0
Soul Shooters,Utgard,160,0,Angelic Buster,Fast (5),154,0,8,0,0,30,10,0,60,0,60,0,0,0,480,0,0
Whip Blades,Utgard,160,0,Xenon,Fast (5),154,0,8,0,60,30,10,0,60,0,100,0,0,0,0,0,0
Spears,Utgard,200,0,Warrior,Normal (6),295,0,8,0,0,30,20,0,100,600,100,0,0,0,0,0,0
Spears,Utgard,140,0,Warrior,Normal (6),124,0,8,0,0,30,20,0,100,430,100,0,0,0,0,0,0
Spears,Utgard,200,0,Warrior,Normal (6),340,0,None,0,0,30,20,0,150,600,150,0,0,0,0,0,0
Two Handed Axes,Utgard,160,0,Warrior,Normal (6),205,0,8,0,0,30,10,0,60,480,60,0,0,0,0,0,0
Spears,Utgard,160,0,Warrior,Normal (6),205,0,8,0,0,30,10,0,60,480,60,0,0,0,0,0,0
Spears,Utgard,150,0,Warrior,Normal (6),171,0,8,0,0,30,10,0,40,450,40,0,0,0,0,0,0
Ancient Bows,Utgard,150,0,Pathfinder,Normal (6),160,0,8,0,0,30,10,0,40,0,40,0,0,0,450,0,0
Ancient Bows,Utgard,140,0,Pathfinder,Normal (6),115,0,8,0,0,30,10,0,40,0,40,0,0,0,345,14,0
Ancient Bows,Utgard,200,0,Pathfinder,Normal (6),318,0,None,0,0,30,20,0,150,0,150,0,0,0,600,19,0
Ancient Bows,Utgard,200,0,Pathfinder,Normal (6),276,0,8,0,0,30,20,0,100,0,100,0,0,0,600,19,0
Ancient Bows,Utgard,160,0,Pathfinder,Normal (6),192,0,8,0,0,30,10,0,60,0,60,0,0,0,480,12,0
Desperados,Utgard,160,0,Demon Avenger,Normal (6),205,0,8,0,0,30,10,0,0,480,60,0,0,0,0,0,"2,250"
Daggers,Utgard,160,0,Thief,Fast (4),192,0,8,0,60,30,10,480,60,0,0,0,0,0,0,0,0
Bladecasters,Utgard,160,0,Adele,Fast (4),205,0,8,0,0,30,10,0,60,480,60,0,0,0,0,0,0
Bows,Utgard,160,0,Bowman,Normal (6),192,0,8,0,0,30,10,0,60,0,60,0,0,0,480,12,0
Arm Cannons,Utgard,160,0,Blaster,Fast (5),154,0,8,0,0,30,10,0,60,480,60,0,0,0,0,0,0
Chains,Utgard,160,0,Cadena,Fast (4),192,0,8,0,60,30,10,480,60,0,0,0,0,0,0,0,0
Crossbows,Utgard,160,0,Bowman,Normal (6),197,0,8,0,0,30,10,0,60,0,60,0,0,0,480,15,0
Canes,Utgard,160,0,Thief,Fast (5),197,0,8,0,60,30,10,480,60,0,0,0,0,0,0,0,0
Chains,Utgard,200,0,Cadena,Fast (4),318,0,None,0,150,30,20,600,150,0,0,0,0,0,0,0,0
Chains,Utgard,140,0,Cadena,Fast (4),115,0,8,0,150,30,20,600,150,0,0,0,0,0,0,0,0
Arm Cannons,Utgard,140,0,Blaster,Fast (5),90,0,8,0,0,30,10,0,60,480,60,0,0,0,0,0,0
Chains,Utgard,150,0,Cadena,Fast (4),160,0,8,0,40,30,10,450,40,0,0,0,0,0,0,0,0
Chains,Utgard,200,0,Cadena,Fast (4),276,0,8,0,100,30,20,600,100,0,0,0,0,0,0,0,0
Arm Cannons,Utgard,200,0,Blaster,Fast (5),221,0,8,0,0,30,20,0,100,600,100,0,0,0,0,0,0
Arm Cannons,Utgard,200,0,Blaster,Fast (5),255,0,None,0,0,30,20,0,150,600,150,0,0,0,0,0,0
Bladecasters,Utgard,200,0,Adele,Fast (4),340,0,None,0,0,30,20,0,150,600,150,0,0,0,0,0,0
Bladecasters,Utgard,140,0,Adele,Fast (4),122,0,8,0,0,30,20,0,150,600,150,0,0,0,0,0,0
Bows,Utgard,140,0,Bowman,Normal (6),115,0,8,0,0,30,10,0,60,0,60,0,0,0,345,14,0
Bladecasters,Utgard,150,0,Adele,Fast (4),171,0,8,0,0,30,10,0,40,450,40,0,0,0,0,0,0
Arm Cannons,Utgard,150,0,Blaster,Fast (5),128,0,8,0,0,30,10,0,40,450,40,0,0,0,0,0,0
Bladecasters,Utgard,200,0,Adele,Fast (4),295,0,8,0,0,30,20,0,100,600,100,0,0,0,0,0,0
Bows,Utgard,200,0,Bowman,Normal (6),318,0,None,0,0,30,20,0,150,0,150,0,0,0,600,19,0
Bows,Utgard,150,0,Bowman,Normal (6),160,0,8,0,0,30,10,0,40,0,40,0,0,0,450,19,0
Bows,Utgard,200,0,Bowman,Normal (6),276,0,8,0,0,30,20,0,100,0,100,0,0,0,600,19,0
Canes,Utgard,140,0,Thief,Fast (4),118,0,8,0,60,30,10,420,60,0,0,0,0,0,0,0,0
Canes,Utgard,200,0,Thief,Fast (5),326,0,None,0,150,30,20,600,150,0,0,0,0,0,0,0,0
Canes,Utgard,150,0,Thief,Fast (5),164,0,8,0,40,30,10,450,40,0,0,0,0,0,0,0,0
Canes,Utgard,200,0,Thief,Fast (5),283,0,8,0,100,30,20,600,100,0,0,0,0,0,0,0,0
Claws,Utgard,140,0,Thief,Fast (4),62,0,8,0,10,0,0,410,0,0,0,0,0,0,0,0,0
Claws,Utgard,200,0,Thief,Fast (4),149,0,8,0,100,30,20,600,100,0,0,0,0,0,0,0,0
Crossbows,Utgard,140,0,Bowman,Normal (6),118,0,8,0,0,30,10,0,60,0,60,0,0,0,390,14,0
Claws,Utgard,150,0,Thief,Fast (4),86,0,8,0,40,30,10,450,40,0,0,0,0,0,0,0,0
Claws,Utgard,200,0,Thief,Fast (4),172,0,None,0,150,30,20,600,150,0,0,0,0,0,0,0,0
Claws,Utgard,160,0,Thief,Fast (4),103,0,8,0,60,30,10,480,60,0,0,0,0,0,0,0,0
Crossbows,Utgard,200,0,Bowman,Normal (6),326,0,None,0,0,30,20,0,150,0,150,0,0,0,600,19,0
Crossbows,Utgard,200,0,Bowman,Normal (6),283,0,8,0,0,30,20,0,100,0,100,0,0,0,600,19,0
Daggers,Utgard,200,0,Thief,Fast (4),318,0,None,0,150,30,20,600,150,0,0,0,0,0,0,0,0
Crossbows,Utgard,150,0,Bowman,Normal (6),164,0,8,0,0,30,10,0,40,0,40,0,0,0,450,19,0
Daggers,Utgard,150,0,Thief,Fast (4),160,0,8,0,40,30,10,450,40,0,0,0,0,0,0,0,0
Daggers,Utgard,140,0,Thief,Fast (4),115,0,8,0,40,30,10,450,40,0,0,0,0,0,0,0,0
Daggers,Utgard,200,0,Thief,Fast (4),276,0,8,0,100,30,20,600,100,0,0,0,0,0,0,0,0
Desperados,Utgard,140,0,Demon Avenger,Normal (6),122,0,8,0,0,30,10,0,0,430,60,0,0,0,0,0,"2,250"
Desperados,Utgard,200,0,Demon Avenger,Fast (5),340,0,None,0,0,30,20,0,0,600,150,0,0,0,0,0,"2,800"
Desperados,Utgard,200,0,Demon Avenger,Normal (6),295,0,8,0,0,30,20,0,100,600,100,0,0,0,0,0,"2,500"
Desperados,Utgard,150,0,Demon Avenger,Normal (6),171,0,8,0,0,30,10,0,100,450,40,0,0,0,0,0,"2,000"
WeaponType,Set,REQ Level,REQ INT,REQ Job,Attack Speed,INT,LUK,Weapon Attack,Magic Attack,Boss Damage,Ignored Enemy Defense,Number of Upgrades,REQ STR,STR,DEX
Psy limiters,Utgard,200,600,Kinesis,Normal (6),150,150,237,400,30,20,None,0,0,0
Knuckles,Utgard,160,0,Pirate,Fast (5),0,0,154,0,30,10,8,480,60,60,,
Psy limiters,Utgard,150,450,Kinesis,Normal (6),40,40,110,201,30,10,8,0,0,0,0,0
One Handed Blunt Weapons,Utgard,200,0,Warrior,Fast (5),0,0,283,0,30,20,8,600,100,100,"When attacking |Mammal|-type enemies:
|Damage: +20%|
|When your job is |Demon Slayer|:
|
|Critical Rate: +5%|
|Critical Damage: +10%|
|When Diligence EXP is 100 (Level 3, 20 Points) or higher:
|
|Has a 3% chance to to deal 10% extra damage on boss monsters","500,000"
One Handed Blunt Weapons,Utgard,200,0,Warrior,Fast (5),0,0,283,0,30,20,8,600,100,100,"When attacking |Mammal|-type enemies:
|Damage: +20%|
|When your job is |Demon Slayer|:
|
|Critical Rate: +5%|
|Critical Damage: +10%|
|When Diligence EXP is 100 (Level 3, 20 Points) or higher:
|
|Has a 3% chance to to deal 10% extra damage on boss monsters","500,000"
Psy limiters,Utgard,150,450,Kinesis,Normal (6),40,40,110,201,30,10,8,0,0,0,0,0
Katanas,Utgard,160,0,Hayato,Fast (5),0,0,197,0,30,10,8,480,60,60,0,0
Psy limiters,Utgard,150,450,Kinesis,Normal (6),40,40,110,201,30,10,8,0,0,0,0,0
One Handed Blunt Weapons,Utgard,200,0,Warrior,Fast (5),0,0,283,0,30,20,8,600,100,100,"When attacking |Mammal|-type enemies:
|Damage: +20%|
|When your job is |Demon Slayer|:
|
|Critical Rate: +5%|
|Critical Damage: +10%|
|When Diligence EXP is 100 (Level 3, 20 Points) or higher:
|
|Has a 3% chance to to deal 10% extra damage on boss monsters","500,000"
One Handed Blunt Weapons,Utgard,200,0,Warrior,Fast (5),0,0,283,0,30,20,8,600,100,100,"When attacking |Mammal|-type enemies:
|Damage: +20%|
|When your job is |Demon Slayer|:
|
|Critical Rate: +5%|
|Critical Damage: +10%|
|When Diligence EXP is 100 (Level 3, 20 Points) or higher:
|
|Has a 3% chance to to deal 10% extra damage on boss monsters","500,000"
One Handed Blunt Weapons,Utgard,200,0,Warrior,Fast (5),0,0,283,0,30,20,8,600,100,100,"When attacking |Mammal|-type enemies:
|Damage: +20%|
|When your job is |Demon Slayer|:
|
|Critical Rate: +5%|
|Critical Damage: +10%|
|When Diligence EXP is 100 (Level 3, 20 Points) or higher:
|
|Has a 3% chance to to deal 10% extra damage on boss monsters","500,000"
One Handed Blunt Weapons,Utgard,200,0,Warrior,Fast (5),0,0,283,0,30,20,8,600,100,100,"When attacking |Mammal|-type enemies:
|Damage: +20%|
|When your job is |Demon Slayer|:
|
|Critical Rate: +5%|
|Critical Damage: +10%|
|When Diligence EXP is 100 (Level 3, 20 Points) or higher:
|
|Has a 3% chance to to deal 10% extra damage on boss monsters","500,000"
Ritual Fans,Utgard,150,0,Hoyoung,Fast (4),0,40,160,0,30,10,8,0,0,40,0,0
Ritual Fans,Utgard,150,0,Hoyoung,Fast (4),0,40,160,0,30,10,8,0,0,40,0,0
Ritual Fans,Utgard,150,0,Hoyoung,Fast (4),0,40,160,0,30,10,8,0,0,40,0,0
Long Swords,Lazuli,200,0,Zero Alpha,Normal (6),0,0,337,0,30,20,0,600,150,150,"This weapon is upgraded as you complete specific quests to unseal the Genesis Weapon.|After completing the quest |[Genesis Weapon] Power Unbound, Stage 1|, the weapon will be unsealed with the |Tanadian Ruin| Skill unlocked.|After completing the quest |[Genesis Weapon] Power Unbound, Stage 2|, the following upgrades will be applied:
|Complete scrolling with Spell Trace 15% Weapon Enhancements (cannot be changed)|
|22 Star Force Enhancements (cannot be changed)|
|Unique Potential (can be changed)|
|Epic Bonus Potential (can be changed)|
|Unlocked |Aeonian Rise| Skill",0
Dual Bowguns,Utgard,200,0,Bowman,Normal (6),0,0,276,0,30,20,8,0,100,100,0,0
Dual Bowguns,Utgard,200,0,Bowman,Normal (6),0,0,276,0,30,20,8,0,100,100,0,0
Dual Bowguns,Utgard,200,0,Bowman,Normal (6),0,0,276,0,30,20,8,0,100,100,0,0
Dual Bowguns,Utgard,200,0,Bowman,Normal (6),0,0,276,0,30,20,8,0,100,100,0,0
Guns,Utgard,150,0,Pirate,Fast (5),0,0,125,0,30,10,8,0,40,40,0,0
Guns,Utgard,150,0,Pirate,Fast (5),0,0,125,0,30,10,8,0,40,40,0,0
Guns,Utgard,150,0,Pirate,Fast (5),0,0,125,0,30,10,8,0,40,40,0,0
Guns,Utgard,150,0,Pirate,Fast (5),0,0,125,0,30,10,8,0,40,40,0,0
Fans,Utgard,140,415,Kanna,Fast (4),0,0,93,115,0,0,8,0,0,0,0,0
Hand Cannons,Utgard,200,0,Pirate,Slow (8),0,0,302,0,30,20,8,600,100,100,0,0
Hand Cannons,Utgard,200,0,Pirate,Slow (8),0,0,302,0,30,20,8,600,100,100,0,0
Fans,Utgard,200,600,Kanna,Normal (6),150,150,237,400,30,20,None,0,0,0,0,0
Fans,Utgard,200,600,Kanna,Normal (6),150,150,237,400,30,20,None,0,0,0,0,0
Hand Cannons,Utgard,200,0,Pirate,Slow (8),0,0,302,0,30,20,8,600,100,100,0,0
Hand Cannons,Utgard,200,0,Pirate,Slow (8),0,0,302,0,30,20,8,600,100,100,0,0
Heavy Swords,Lapis,100,0,Zero Beta,Slow (8),0,0,102,0,30,10,7,310,8,4,0,0
Fans,Utgard,200,600,Kanna,Normal (6),150,150,237,400,30,20,None,0,0,0,0,0
Heavy Swords,Lapis,100,0,Zero Beta,Slow (8),0,0,102,0,30,10,7,310,8,4,0,0
Heavy Swords,Lapis,100,0,Zero Beta,Slow (8),0,0,102,0,30,10,7,310,8,4,0,0
Heavy Swords,Lapis,100,0,Zero Beta,Slow (8),0,0,102,0,30,10,7,310,8,4,0,0
Heavy Swords,Lapis,100,0,Zero Beta,Slow (8),0,0,102,0,30,10,7,310,8,4,0,0
Heavy Swords,Lapis,100,0,Zero Beta,Slow (8),0,0,102,0,30,10,7,310,8,4,0,0
Heavy Swords,Lapis,100,0,Zero Beta,Slow (8),0,0,102,0,30,10,7,310,8,4,0,0
Heavy Swords,Lapis,100,0,Zero Beta,Slow (8),0,0,102,0,30,10,7,310,8,4,0,0
Heavy Swords,Lapis,100,0,Zero Beta,Slow (8),0,0,102,0,30,10,7,310,8,4,0,0
Katanas,Utgard,200,0,Hayato,Fast (5),0,0,283,0,30,20,8,600,100,100,0,0
Katanas,Utgard,200,0,Hayato,Fast (5),0,0,283,0,30,20,8,600,100,100,0,0
Katanas,Utgard,200,0,Hayato,Fast (5),0,0,283,0,30,20,8,600,100,100,0,0
Knuckles,Utgard,200,0,Pirate,Fast (5),0,0,221,0,30,20,8,600,100,100,0,0
Katanas,Utgard,200,0,Hayato,Fast (5),0,0,283,0,30,20,8,600,100,100,0,0
Knuckles,Utgard,200,0,Pirate,Fast (5),0,0,221,0,30,20,8,600,100,100,0,0
Knuckles,Utgard,200,0,Pirate,Fast (5),0,0,221,0,30,20,8,600,100,100,0,0
Knuckles,Utgard,200,0,Pirate,Fast (5),0,0,221,0,30,20,8,600,100,100,0,0
Long Swords,Lazuli,170,0,Zero Alpha,Normal (6),0,0,169,0,30,10,8,450,40,40,"This weapon is upgraded as you complete specific quests to unseal the Genesis Weapon.|After completing the quest |[Genesis Weapon] Power Unbound, Stage 1|, the weapon will be unsealed with the |Tanadian Ruin| Skill unlocked.|After completing the quest |[Genesis Weapon] Power Unbound, Stage 2|, the following upgrades will be applied:
|Complete scrolling with Spell Trace 15% Weapon Enhancements (cannot be changed)|
|22 Star Force Enhancements (cannot be changed)|
|Unique Potential (can be changed)|
|Epic Bonus Potential (can be changed)|
|Unlocked |Aeonian Rise| Skill",0
Long Swords,Lazuli,170,0,Zero Alpha,Normal (6),0,0,169,0,30,10,8,450,40,40,"This weapon is upgraded as you complete specific quests to unseal the Genesis Weapon.|After completing the quest |[Genesis Weapon] Power Unbound, Stage 1|, the weapon will be unsealed with the |Tanadian Ruin| Skill unlocked.|After completing the quest |[Genesis Weapon] Power Unbound, Stage 2|, the following upgrades will be applied:
|Complete scrolling with Spell Trace 15% Weapon Enhancements (cannot be changed)|
|22 Star Force Enhancements (cannot be changed)|
|Unique Potential (can be changed)|
|Epic Bonus Potential (can be changed)|
|Unlocked |Aeonian Rise| Skill",0
Long Swords,Lazuli,180,0,Zero Alpha,Normal (6),0,0,203,0,30,10,8,480,60,60,"This weapon is upgraded as you complete specific quests to unseal the Genesis Weapon.|After completing the quest |[Genesis Weapon] Power Unbound, Stage 1|, the weapon will be unsealed with the |Tanadian Ruin| Skill unlocked.|After completing the quest |[Genesis Weapon] Power Unbound, Stage 2|, the following upgrades will be applied:
|Complete scrolling with Spell Trace 15% Weapon Enhancements (cannot be changed)|
|22 Star Force Enhancements (cannot be changed)|
|Unique Potential (can be changed)|
|Epic Bonus Potential (can be changed)|
|Unlocked |Aeonian Rise| Skill",0
Long Swords,Lazuli,150,0,Zero Alpha,Normal (6),0,0,135,0,30,10,8,420,35,20,"This weapon is upgraded as you complete specific quests to unseal the Genesis Weapon.|After completing the quest |[Genesis Weapon] Power Unbound, Stage 1|, the weapon will be unsealed with the |Tanadian Ruin| Skill unlocked.|After completing the quest |[Genesis Weapon] Power Unbound, Stage 2|, the following upgrades will be applied:
|Complete scrolling with Spell Trace 15% Weapon Enhancements (cannot be changed)|
|22 Star Force Enhancements (cannot be changed)|
|Unique Potential (can be changed)|
|Epic Bonus Potential (can be changed)|
|Unlocked |Aeonian Rise| Skill",0
Long Swords,Lazuli,120,0,Zero Alpha,Normal (6),0,0,105,0,30,10,7,340,35,20,"This weapon is upgraded as you complete specific quests to unseal the Genesis Weapon.|After completing the quest |[Genesis Weapon] Power Unbound, Stage 1|, the weapon will be unsealed with the |Tanadian Ruin| Skill unlocked.|After completing the quest |[Genesis Weapon] Power Unbound, Stage 2|, the following upgrades will be applied:
|Complete scrolling with Spell Trace 15% Weapon Enhancements (cannot be changed)|
|22 Star Force Enhancements (cannot be changed)|
|Unique Potential (can be changed)|
|Epic Bonus Potential (can be changed)|
|Unlocked |Aeonian Rise| Skill",0
Long Swords,Lazuli,120,0,Zero Alpha,Normal (6),0,0,105,0,30,10,7,340,35,20,"This weapon is upgraded as you complete specific quests to unseal the Genesis Weapon.|After completing the quest |[Genesis Weapon] Power Unbound, Stage 1|, the weapon will be unsealed with the |Tanadian Ruin| Skill unlocked.|After completing the quest |[Genesis Weapon] Power Unbound, Stage 2|, the following upgrades will be applied:
|Complete scrolling with Spell Trace 15% Weapon Enhancements (cannot be changed)|
|22 Star Force Enhancements (cannot be changed)|
|Unique Potential (can be changed)|
|Epic Bonus Potential (can be changed)|
|Unlocked |Aeonian Rise| Skill",0
Long Swords,Lazuli,120,0,Zero Alpha,Normal (6),0,0,105,0,30,10,7,340,35,20,"This weapon is upgraded as you complete specific quests to unseal the Genesis Weapon.|After completing the quest |[Genesis Weapon] Power Unbound, Stage 1|, the weapon will be unsealed with the |Tanadian Ruin| Skill unlocked.|After completing the quest |[Genesis Weapon] Power Unbound, Stage 2|, the following upgrades will be applied:
|Complete scrolling with Spell Trace 15% Weapon Enhancements (cannot be changed)|
|22 Star Force Enhancements (cannot be changed)|
|Unique Potential (can be changed)|
|Epic Bonus Potential (can be changed)|
|Unlocked |Aeonian Rise| Skill",0
Long Swords,Lazuli,120,0,Zero Alpha,Normal (6),0,0,105,0,30,10,7,340,35,20,"This weapon is upgraded as you complete specific quests to unseal the Genesis Weapon.|After completing the quest |[Genesis Weapon] Power Unbound, Stage 1|, the weapon will be unsealed with the |Tanadian Ruin| Skill unlocked.|After completing the quest |[Genesis Weapon] Power Unbound, Stage 2|, the following upgrades will be applied:
|Complete scrolling with Spell Trace 15% Weapon Enhancements (cannot be changed)|
|22 Star Force Enhancements (cannot be changed)|
|Unique Potential (can be changed)|
|Epic Bonus Potential (can be changed)|
|Unlocked |Aeonian Rise| Skill",0
Dual Bowguns,Utgard,160,0,Bowman,Normal (6),0,0,192,0,30,10,8,0,60,60,0,0
Guns,Utgard,160,0,Pirate,Fast (5),0,0,150,0,30,10,8,0,60,60,0,0
Long Swords,Lazuli,120,0,Zero Alpha,Normal (6),0,0,105,0,30,10,7,340,35,20,"This weapon is upgraded as you complete specific quests to unseal the Genesis Weapon.|After completing the quest |[Genesis Weapon] Power Unbound, Stage 1|, the weapon will be unsealed with the |Tanadian Ruin| Skill unlocked.|After completing the quest |[Genesis Weapon] Power Unbound, Stage 2|, the following upgrades will be applied:
|Complete scrolling with Spell Trace 15% Weapon Enhancements (cannot be changed)|
|22 Star Force Enhancements (cannot be changed)|
|Unique Potential (can be changed)|
|Epic Bonus Potential (can be changed)|
|Unlocked |Aeonian Rise| Skill",0
Fans,Utgard,160,480,Kanna,Slow (8),60,60,143,241,30,10,8,0,0,0,0,0
One Handed Axes,Utgard,200,0,Warrior,Fast (5),0,0,283,0,30,20,8,600,100,100,"When attacking |Mammal|-type enemies:
|Damage: +20%|
|When your job is |Demon Slayer|:
|
|Critical Rate: +5%|
|Critical Damage: +10%|
|When Diligence EXP is 100 (Level 3, 20 Points) or higher:
|
|Has a 3% chance to to deal 10% extra damage on boss monsters","500,000"
One Handed Axes,Utgard,200,0,Warrior,Fast (5),0,0,283,0,30,20,8,600,100,100,"When attacking |Mammal|-type enemies:
|Damage: +20%|
|When your job is |Demon Slayer|:
|
|Critical Rate: +5%|
|Critical Damage: +10%|
|When Diligence EXP is 100 (Level 3, 20 Points) or higher:
|
|Has a 3% chance to to deal 10% extra damage on boss monsters","500,000"
One Handed Axes,Utgard,200,0,Warrior,Fast (5),0,0,283,0,30,20,8,600,100,100,"When attacking |Mammal|-type enemies:
|Damage: +20%|
|When your job is |Demon Slayer|:
|
|Critical Rate: +5%|
|Critical Damage: +10%|
|When Diligence EXP is 100 (Level 3, 20 Points) or higher:
|
|Has a 3% chance to to deal 10% extra damage on boss monsters","500,000"
Hand Cannons,Utgard,160,0,Pirate,Slow (8),0,0,210,0,30,10,8,480,60,60,0,0
One Handed Axes,Utgard,200,0,Warrior,Fast (5),0,0,283,0,30,20,8,600,100,100,"When attacking |Mammal|-type enemies:
|Damage: +20%|
|When your job is |Demon Slayer|:
|
|Critical Rate: +5%|
|Critical Damage: +10%|
|When Diligence EXP is 100 (Level 3, 20 Points) or higher:
|
|Has a 3% chance to to deal 10% extra damage on boss monsters","500,000"
One Handed Axes,Utgard,200,0,Warrior,Fast (5),0,0,283,0,30,20,8,600,100,100,"When attacking |Mammal|-type enemies:
|Damage: +20%|
|When your job is |Demon Slayer|:
|
|Critical Rate: +5%|
|Critical Damage: +10%|
|When Diligence EXP is 100 (Level 3, 20 Points) or higher:
|
|Has a 3% chance to to deal 10% extra damage on boss monsters","500,000"
One Handed Axes,Utgard,200,0,Warrior,Fast (5),0,0,283,0,30,20,8,600,100,100,"When attacking |Mammal|-type enemies:
|Damage: +20%|
|When your job is |Demon Slayer|:
|
|Critical Rate: +5%|
|Critical Damage: +10%|
|When Diligence EXP is 100 (Level 3, 20 Points) or higher:
|
|Has a 3% chance to to deal 10% extra damage on boss monsters","500,000"
Heavy Swords,Lapis,200,0,Zero Beta,Slow (8),0,0,342,0,30,20,0,600,150,150,"This weapon is upgraded as you complete specific quests to unseal the Genesis Weapon.|After completing the quest |[Genesis Weapon] Power Unbound, Stage 1|, the weapon will be unsealed with the |Tanadian Ruin| Skill unlocked.|After completing the quest |[Genesis Weapon] Power Unbound, Stage 2|, the following upgrades will be applied:
|Complete scrolling with Spell Trace 15% Weapon Enhancements (cannot be changed)|
|22 Star Force Enhancements (cannot be changed)|
|Unique Potential (can be changed)|
|Epic Bonus Potential (can be changed)|
|Unlocked |Aeonian Rise| Skill",0
Lucent Gauntlets,Utgard,200,600,Illium,Normal (6),150,150,237,400,30,20,None,0,0,0,0,0
Lucent Gauntlets,Utgard,200,600,Illium,Normal (6),150,150,237,400,30,20,None,0,0,0,0,0
Lucent Gauntlets,Utgard,200,600,Illium,Normal (6),150,150,237,400,30,20,None,0,0,0,0,0
Lucent Gauntlets,Utgard,200,600,Illium,Normal (6),150,150,237,400,30,20,None,0,0,0,0,0
Two Handed Axes,Utgard,150,0,Warrior,Normal (6),0,0,171,0,30,10,8,450,40,40,0,0
Two Handed Axes,Utgard,200,0,Warrior,Normal (6),0,0,295,0,30,20,8,600,100,100,0,0
Two Handed Axes,Utgard,200,0,Warrior,Normal (6),0,0,295,0,30,20,8,600,100,100,0,0
Two Handed Axes,Utgard,200,0,Warrior,Normal (6),0,0,295,0,30,20,8,600,100,100,0,0
One Handed Swords,Utgard,200,0,Warrior,Fast (5),0,0,326,0,30,20,None,600,150,150,"When attacking |Mammal|-type enemies:
|Damage: +20%|
|When your job is |Mihile IV| or |Paladin IV|:
|
|Critical Rate: +5%|
|Critical Damage: +10%|
|When Diligence EXP is 320 (Lv. 6, 65 Points) or higher:
|
|Has a 3% chance to deal 10% extra damage on boss monsters.","500,000"
One Handed Swords,Utgard,150,0,Warrior,Fast (5),0,0,164,0,30,10,8,450,40,40,"When attacking |Mammal|-type enemies:
|Damage: +20%|
|When your job is |Mihile IV| or |Paladin IV|:
|
|Critical Rate: +5%|
|Critical Damage: +10%|
|When Diligence EXP is 320 (Lv. 6, 65 Points) or higher:
|
|Has a 3% chance to deal 10% extra damage on boss monsters.","500,000"
One Handed Swords,Utgard,150,0,Warrior,Fast (5),0,0,164,0,30,10,8,450,40,40,"When attacking |Mammal|-type enemies:
|Damage: +20%|
|When your job is |Mihile IV| or |Paladin IV|:
|
|Critical Rate: +5%|
|Critical Damage: +10%|
|When Diligence EXP is 320 (Lv. 6, 65 Points) or higher:
|
|Has a 3% chance to deal 10% extra damage on boss monsters.","500,000"
One Handed Swords,Utgard,150,0,Warrior,Fast (5),0,0,164,0,30,10,8,450,40,40,"When attacking |Mammal|-type enemies:
|Damage: +20%|
|When your job is |Mihile IV| or |Paladin IV|:
|
|Critical Rate: +5%|
|Critical Damage: +10%|
|When Diligence EXP is 320 (Lv. 6, 65 Points) or higher:
|
|Has a 3% chance to deal 10% extra damage on boss monsters.","500,000"
Polearms,Utgard,200,0,Warrior,Fast (5),0,0,264,0,30,20,8,600,100,100,"When Diligence EXP is 100 (Lv. 3, 20 Points) or higher:
|Has a chance to add Instant Death effect.|
|When attacking |Mammal|-type enemies:
|
|Damage: +20%|
|When your job is |Hayato|:
|
|Critical Rate: +5%|
|Critical Damage: +10","500,000"
Polearms,Utgard,200,0,Warrior,Fast (5),0,0,264,0,30,20,8,600,100,100,"When Diligence EXP is 100 (Lv. 3, 20 Points) or higher:
|Has a chance to add Instant Death effect.|
|When attacking |Mammal|-type enemies:
|
|Damage: +20%|
|When your job is |Hayato|:
|
|Critical Rate: +5%|
|Critical Damage: +10","500,000"
Ritual Fans,Utgard,200,0,Hoyoung,Fast (4),0,100,276,0,30,20,8,0,0,100,0,0
One Handed Swords,Utgard,150,0,Warrior,Fast (5),0,0,164,0,30,10,8,450,40,40,"When attacking |Mammal|-type enemies:
|Damage: +20%|
|When your job is |Mihile IV| or |Paladin IV|:
|
|Critical Rate: +5%|
|Critical Damage: +10%|
|When Diligence EXP is 320 (Lv. 6, 65 Points) or higher:
|
|Has a 3% chance to deal 10% extra damage on boss monsters.","500,000"
Scepters,Utgard,200,600,Beast Tamer,Normal (6),100,100,206,347,30,20,8,0,0,0,0,0
Polearms,Utgard,200,0,Warrior,Fast (5),0,0,264,0,30,20,8,600,100,100,"When Diligence EXP is 100 (Lv. 3, 20 Points) or higher:
|Has a chance to add Instant Death effect.|
|When attacking |Mammal|-type enemies:
|
|Damage: +20%|
|When your job is |Hayato|:
|
|Critical Rate: +5%|
|Critical Damage: +10","500,000"
Polearms,Utgard,200,0,Warrior,Fast (5),0,0,264,0,30,20,8,600,100,100,"When Diligence EXP is 100 (Lv. 3, 20 Points) or higher:
|Has a chance to add Instant Death effect.|
|When attacking |Mammal|-type enemies:
|
|Damage: +20%|
|When your job is |Hayato|:
|
|Critical Rate: +5%|
|Critical Damage: +10","500,000"
Polearms,Utgard,200,0,Warrior,Fast (5),0,0,264,0,30,20,8,600,100,100,"When Diligence EXP is 100 (Lv. 3, 20 Points) or higher:
|Has a chance to add Instant Death effect.|
|When attacking |Mammal|-type enemies:
|
|Damage: +20%|
|When your job is |Hayato|:
|
|Critical Rate: +5%|
|Critical Damage: +10","500,000"
Scepters,Utgard,200,600,Beast Tamer,Normal (6),100,100,206,347,30,20,8,0,0,0,0,0
Scepters,Utgard,200,600,Beast Tamer,Normal (6),100,100,206,347,30,20,8,0,0,0,0,0
Scepters,Utgard,200,600,Beast Tamer,Normal (6),100,100,206,347,30,20,8,0,0,0,0,0
Shining Rods,Utgard,200,600,Luminous,Normal (6),100,100,206,347,30,20,8,0,0,0,0,0
Shining Rods,Utgard,200,600,Luminous,Normal (6),100,100,206,347,30,20,8,0,0,0,0,0
Shining Rods,Utgard,200,600,Luminous,Normal (6),100,100,206,347,30,20,8,0,0,0,0,0
Shining Rods,Utgard,200,600,Luminous,Normal (6),100,100,206,347,30,20,8,0,0,0,0,0
Two Handed Blunt Weapons,Utgard,200,0,Warrior,Normal (6),0,0,295,0,30,20,8,600,100,100,0,0
Two Handed Blunt Weapons,Utgard,200,0,Warrior,Normal (6),0,0,295,0,30,20,8,600,100,100,0,0
Two Handed Blunt Weapons,Utgard,200,0,Warrior,Normal (6),0,0,295,0,30,20,8,600,100,100,0,0
Two Handed Blunt Weapons,Utgard,200,0,Warrior,Normal (6),0,0,295,0,30,20,8,600,100,100,0,0
Soul Shooters,Utgard,140,0,Angelic Buster,Fast (5),0,0,92,0,0,0,8,0,0,0,0,0
Soul Shooters,Utgard,200,0,Angelic Buster,Fast (5),0,0,255,0,30,20,None,0,150,150,0,0
Soul Shooters,Utgard,200,0,Angelic Buster,Fast (5),0,0,221,0,30,20,8,0,100,100,0,0,0,0,600,0,0
Soul Shooters,Utgard,200,0,Angelic Buster,Fast (5),0,0,221,0,30,20,8,0,100,100,0,0,0,0,600,0,0
Lucent Gauntlets,Utgard,160,480,Illium,Normal (6),60,60,143,241,30,10,8,0,0,0,0,0,0,415,0,0,0
One Handed Axes,Utgard,160,0,Warrior,Fast (5),0,0,197,0,30,10,8,480,60,60,"When attacking |Mammal|-type enemies:
|Damage: +20%|
|When your job is |Demon Slayer|:
|
|Critical Rate: +5%|
|Critical Damage: +10%|
|When Diligence EXP is 100 (Level 3, 20 Points) or higher:
|
|Has a 3% chance to to deal 10% extra damage on boss monsters","500,000",100,0,0,0,0
Psy limiters,Utgard,160,480,Kinesis,Normal (6),60,60,143,241,30,10,8,0,0,0,0,0,0,0,0,0,0
Staffs,Utgard,200,600,Magician,Slow (8),100,100,218,353,30,20,8,0,0,0,0,0,0,0,0,0,0
Two Handed Axes,Utgard,160,0,Warrior,Normal (6),0,0,205,0,30,10,8,480,60,60,0,0,0,0,0,0,0
Staffs,Utgard,200,600,Magician,Slow (8),100,100,218,353,30,20,8,0,0,0,0,0,0,0,0,0,0
Staffs,Utgard,200,600,Magician,Slow (8),100,100,218,353,30,20,8,0,0,0,0,0,0,0,0,0,0
Staffs,Utgard,200,600,Magician,Slow (8),100,100,218,353,30,20,8,0,0,0,0,0,0,0,0,0,0
One Handed Blunt Weapons,Utgard,160,0,Warrior,Fast (5),0,0,197,0,30,10,8,480,60,60,"When attacking |Mammal|-type enemies:
|Damage: +20%|
|When your job is |Demon Slayer|:
|
|Critical Rate: +5%|
|Critical Damage: +10%|
|When Diligence EXP is 100 (Level 3, 20 Points) or higher:
|
|Has a 3% chance to to deal 10% extra damage on boss monsters","500,000",100,0,0,0,0
Ritual Fans,Utgard,160,0,Hoyoung,Fast (4),0,60,192,0,30,10,8,0,0,60,0,0,0,480,0,0,0
One Handed Swords,Utgard,160,0,Warrior,Fast (5),0,0,197,0,30,10,8,480,60,60,"When attacking |Mammal|-type enemies:
|Damage: +20%|
|When your job is |Mihile IV| or |Paladin IV|:
|
|Critical Rate: +5%|
|Critical Damage: +10%|
|When Diligence EXP is 320 (Lv. 6, 65 Points) or higher:
|
|Has a 3% chance to deal 10% extra damage on boss monsters.","500,000",0,0,0,0,0
Scepters,Utgard,160,480,Beast Tamer,Normal (6),60,60,143,241,30,10,8,0,0,0,0,0,0,0,0,0,0
Polearms,Utgard,160,0,Warrior,Fast (5),0,0,184,0,30,10,8,480,60,60,"When Diligence EXP is 100 (Lv. 3, 20 Points) or higher:
|Has a chance to add Instant Death effect.|
|When attacking |Mammal|-type enemies:
|
|Damage: +20%|
|When your job is |Hayato|:
|
|Critical Rate: +5%|
|Critical Damage: +10","500,000",0,0,0,0,0
Shining Rods,Utgard,160,480,Luminous,Normal (6),60,60,143,241,30,10,8,0,0,0,0,0,0,0,0,0,0
Two Handed Blunt Weapons,Utgard,160,0,Warrior,Normal (6),0,0,205,0,30,10,8,480,60,60,0,0,0,0,0,0,0
Two Handed Swords,Utgard,200,0,Warrior,Normal (6),0,0,340,0,30,20,None,600,150,150,0,0,0,0,0,0,0
Soul Shooters,Utgard,160,0,Angelic Buster,Fast (5),0,0,154,0,30,10,8,0,60,60,0,0,0,0,480,0,0
Whip Blades,Utgard,150,0,Xenon,Fast (5),0,40,128,0,30,10,8,0,100,40,0,0,0,0,0,0,0
Whip Blades,Utgard,150,0,Xenon,Fast (5),0,40,128,0,30,10,8,0,100,40,0,0,0,0,0,0,0
Whip Blades,Utgard,150,0,Xenon,Fast (5),0,40,128,0,30,10,8,0,100,40,0,0,0,0,0,0,0
Whip Blades,Utgard,150,0,Xenon,Fast (5),0,40,128,0,30,10,8,0,100,40,0,0,0,0,0,0,0
Two Handed Swords,Utgard,140,0,Warrior,Normal (6),0,0,122,0,30,10,8,430,40,40,0,0,0,0,0,0,0
Two Handed Swords,Utgard,140,0,Warrior,Normal (6),0,0,122,0,30,10,8,430,40,40,0,0,0,0,0,0,0
Whispershots,Utgard,200,0,Kain,Fast (4),0,0,318,0,30,20,None,0,150,150,0,0,0,0,600,19,0
Two Handed Swords,Utgard,200,0,Warrior,Normal (6),0,0,295,0,30,20,8,600,100,100,0,0,0,0,0,0,0
Staffs,Utgard,160,480,Magician,Slow (8),60,60,151,245,30,10,8,0,0,0,0,0,0,0,0,0,0
Wands,Utgard,200,600,Magician,Normal (6),150,150,237,400,30,20,None,0,0,0,0,0,0,0,0,0,0
Whispershots,Utgard,160,0,Kain,Fast (4),0,0,192,0,30,10,8,0,60,60,0,0,0,0,480,12,0
Wands,Utgard,200,600,Magician,Normal (6),150,150,237,400,30,20,None,0,0,0,0,0,0,0,0,0,0
Wands,Utgard,160,480,Magician,Normal (6),60,60,143,241,30,10,8,0,0,0,0,0,0,0,0,0,0
Wands,Utgard,160,480,Magician,Normal (6),60,60,143,241,30,10,8,0,0,0,0,0,0,0,0,0,0
Whispershots,Utgard,160,0,Kain,Fast (4),0,0,192,0,30,10,8,0,60,60,0,0,0,0,480,12,0
Whispershots,Utgard,160,0,Kain,Fast (4),0,0,192,0,30,10,8,0,60,60,0,0,0,0,480,12,0
Whip Blades,Utgard,160,0,Xenon,Fast (5),0,60,154,0,30,10,8,0,100,60,0,0,0,0,0,0,0
Spears,Utgard,200,0,Warrior,Normal (6),0,0,340,0,30,20,None,600,150,150,0,0,0,0,0,0,0
Spears,Utgard,200,0,Warrior,Normal (6),0,0,340,0,30,20,None,600,150,150,0,0,0,0,0,0,0
Whispershots,Utgard,160,0,Kain,Fast (4),0,0,192,0,30,10,8,0,60,60,0,0,0,0,480,12,0
Two Handed Swords,Utgard,160,0,Warrior,Normal (6),0,0,205,0,30,10,8,480,60,60,0,0,0,0,0,0,0
Wands,Utgard,160,480,Magician,Normal (6),60,60,143,241,30,10,8,0,0,0,0,0,0,0,0,0,0
Spears,Utgard,200,0,Warrior,Normal (6),0,0,295,0,30,20,8,600,100,100,0,0,0,0,0,0,0
Spears,Utgard,200,0,Warrior,Normal (6),0,0,295,0,30,20,8,600,100,100,0,0,0,0,0,0,0
Spears,Utgard,160,0,Warrior,Normal (6),0,0,205,0,30,10,8,480,60,60,0,0,0,0,0,0,0
Ancient Bows,Utgard,200,0,Pathfinder,Normal (6),0,0,276,0,30,20,8,0,100,100,0,0,0,0,600,19,0
Ancient Bows,Utgard,200,0,Pathfinder,Normal (6),0,0,276,0,30,20,8,0,100,100,0,0,0,0,600,19,0
Ancient Bows,Utgard,200,0,Pathfinder,Normal (6),0,0,276,0,30,20,8,0,100,100,0,0,0,0,600,19,0
Ancient Bows,Utgard,160,0,Pathfinder,Normal (6),0,0,192,0,30,10,8,0,60,60,0,0,0,0,480,12,0
Ancient Bows,Utgard,160,0,Pathfinder,Normal (6),0,0,192,0,30,10,8,0,60,60,0,0,0,0,480,12,0
Daggers,Utgard,160,0,Thief,Fast (4),0,60,192,0,30,10,8,0,0,60,0,0,0,480,0,0,0
Desperados,Utgard,160,0,Demon Avenger,Normal (6),0,0,205,0,30,10,8,480,60,0,0,0,"2,250",0,0,0,0
Daggers,Utgard,200,0,Thief,Fast (4),0,100,276,0,30,20,8,0,0,100,0,0,0,600,0,0,0
Daggers,Utgard,200,0,Thief,Fast (4),0,100,276,0,30,20,8,0,0,100,0,0,0,600,0,0,0
Daggers,Utgard,200,0,Thief,Fast (4),0,100,276,0,30,20,8,0,0,100,0,0,0,600,0,0,0
Daggers,Utgard,200,0,Thief,Fast (4),0,100,276,0,30,20,8,0,0,100,0,0,0,600,0,0,0
Desperados,Utgard,200,0,Demon Avenger,Fast (5),0,0,340,0,30,20,None,600,150,0,0,0,"2,800",0,0,0,0
Desperados,Utgard,150,0,Demon Avenger,Normal (6),0,0,171,0,30,10,8,450,40,100,0,0,"2,000",0,0,0,0
Desperados,Utgard,150,0,Demon Avenger,Normal (6),0,0,171,0,30,10,8,450,40,100,0,0,"2,000",0,0,0,0
Desperados,Utgard,150,0,Demon Avenger,Normal (6),0,0,171,0,30,10,8,450,40,100,0,0,"2,000",0,0,0,0
Crossbows,Utgard,160,0,Bowman,Normal (6),0,0,197,0,30,10,8,0,60,60,0,0,0,0,480,15,0
Arm Cannons,Utgard,160,0,Blaster,Fast (5),0,0,154,0,30,10,8,480,60,60,0,0,0,0,0,0,0
Bladecasters,Utgard,200,0,Adele,Fast (4),0,0,295,0,30,20,8,600,100,100,0,0,0,0,0,0,0
Bladecasters,Utgard,200,0,Adele,Fast (4),0,0,295,0,30,20,8,600,100,100,0,0,0,0,0,0,0
Bladecasters,Utgard,200,0,Adele,Fast (4),0,0,295,0,30,20,8,600,100,100,0,0,0,0,0,0,0
Bladecasters,Utgard,200,0,Adele,Fast (4),0,0,295,0,30,20,8,600,100,100,0,0,0,0,0,0,0
Bows,Utgard,200,0,Bowman,Normal (6),0,0,276,0,30,20,8,0,100,100,0,0,0,0,600,19,0
Bows,Utgard,200,0,Bowman,Normal (6),0,0,276,0,30,20,8,0,100,100,0,0,0,0,600,19,0
Bows,Utgard,200,0,Bowman,Normal (6),0,0,276,0,30,20,8,0,100,100,0,0,0,0,600,19,0
Bows,Utgard,200,0,Bowman,Normal (6),0,0,276,0,30,20,8,0,100,100,0,0,0,0,600,19,0
Canes,Utgard,200,0,Thief,Fast (5),0,100,283,0,30,20,8,0,0,100,0,0,0,600,0,0,0
Canes,Utgard,200,0,Thief,Fast (5),0,100,283,0,30,20,8,0,0,100,0,0,0,600,0,0,0
Canes,Utgard,200,0,Thief,Fast (5),0,100,283,0,30,20,8,0,0,100,0,0,0,600,0,0,0
Chains,Utgard,200,0,Cadena,Fast (4),0,100,276,0,30,20,8,0,0,100,0,0,0,600,0,0,0
Canes,Utgard,200,0,Thief,Fast (5),0,100,283,0,30,20,8,0,0,100,0,0,0,600,0,0,0
Chains,Utgard,200,0,Cadena,Fast (4),0,100,276,0,30,20,8,0,0,100,0,0,0,600,0,0,0
Chains,Utgard,200,0,Cadena,Fast (4),0,100,276,0,30,20,8,0,0,100,0,0,0,600,0,0,0
Chains,Utgard,200,0,Cadena,Fast (4),0,100,276,0,30,20,8,0,0,100,0,0,0,600,0,0,0
Claws,Utgard,150,0,Thief,Fast (4),0,40,86,0,30,10,8,0,0,40,0,0,0,450,0,0,0
Claws,Utgard,150,0,Thief,Fast (4),0,40,86,0,30,10,8,0,0,40,0,0,0,450,0,0,0
Claws,Utgard,150,0,Thief,Fast (4),0,40,86,0,30,10,8,0,0,40,0,0,0,450,0,0,0
Bows,Utgard,160,0,Bowman,Normal (6),0,0,192,0,30,10,8,0,60,60,0,0,0,0,480,12,0
Claws,Utgard,160,0,Thief,Fast (4),0,60,103,0,30,10,8,0,0,60,0,0,0,480,0,0,0
Bladecasters,Utgard,160,0,Adele,Fast (4),0,0,205,0,30,10,8,480,60,60,0,0,0,0,0,0,0
Canes,Utgard,160,0,Thief,Fast (5),0,60,197,0,30,10,8,0,0,60,0,0,0,480,0,0,0
Chains,Utgard,160,0,Cadena,Fast (4),0,60,192,0,30,10,8,0,0,60,0,0,0,480,0,0,0
Crossbows,Utgard,200,0,Bowman,Normal (6),0,0,283,0,30,20,8,0,100,100,0,0,0,0,600,19,0
Crossbows,Utgard,200,0,Bowman,Normal (6),0,0,283,0,30,20,8,0,100,100,0,0,0,0,600,19,0
Crossbows,Utgard,200,0,Bowman,Normal (6),0,0,283,0,30,20,8,0,100,100,0,0,0,0,600,19,0
Crossbows,Utgard,200,0,Bowman,Normal (6),0,0,283,0,30,20,8,0,100,100,0,0,0,0,600,19,0
Claws,Utgard,160,0,Thief,Fast (4),0,60,103,0,30,10,8,0,0,60,0,0,0,480,0,0,0
Arm Cannons,Utgard,200,0,Blaster,Fast (5),0,0,221,0,30,20,8,600,100,100,0,0,0,0,0,0,0
Arm Cannons,Utgard,200,0,Blaster,Fast (5),0,0,221,0,30,20,8,600,100,100,0,0,0,0,0,0,0
Arm Cannons,Utgard,200,0,Blaster,Fast (5),0,0,221,0,30,20,8,600,100,100,0,0,0,0,0,0,0
Arm Cannons,Utgard,200,0,Blaster,Fast (5),0,0,221,0,30,20,8,600,100,100,0,0,0,0,0,0,0
